period,locales_relative_path,actividades_relative_path,snapshot_year,snapshot_month,snapshot_date,has_actividades,coverage_status,coord_crs_status,coord_crs_hint
2015-01,locales/2015_01_censo_locales_209548-395-censo-locales-historico-csv.csv,actividades/2015_01_censo_actividades_209548-698-censo-locales-historico-csv.csv,2015,1,2015-01-01,True,complete,ed50_utm30,EPSG:23030
2015-02,locales/2015_02_censo_locales_209548-501-censo-locales-historico-csv.csv,actividades/2015_02_censo_actividades_209548-394-censo-locales-historico-csv.csv,2015,2,2015-02-01,True,complete,ed50_utm30,EPSG:23030
2015-03,locales/2015_03_censo_locales_209548-393-censo-locales-historico-csv.csv,actividades/2015_03_censo_actividades_209548-630-censo-locales-historico-csv.csv,2015,3,2015-03-01,True,complete,ed50_utm30,EPSG:23030
2015-04,locales/2015_04_censo_locales_209548-500-censo-locales-historico-csv.csv,actividades/2015_04_censo_actividades_209548-576-censo-locales-historico-csv.csv,2015,4,2015-04-01,True,complete,ed50_utm30,EPSG:23030
2015-05,locales/2015_05_censo_locales_209548-392-censo-locales-historico-csv.csv,actividades/2015_05_censo_actividades_209548-670-censo-locales-historico-csv.csv,2015,5,2015-05-01,True,complete,ed50_utm30,EPSG:23030
2015-06,locales/2015_06_censo_locales_209548-721-censo-locales-historico-csv.csv,actividades/2015_06_censo_actividades_209548-391-censo-locales-historico-csv.csv,2015,6,2015-06-01,True,complete,ed50_utm30,EPSG:23030
2015-08,locales/2015_08_censo_locales_209548-390-censo-locales-historico-csv.csv,actividades/2015_08_censo_actividades_209548-720-censo-locales-historico-csv.csv,2015,8,2015-08-01,True,complete,ed50_utm30,EPSG:23030
2015-09,locales/2015_09_censo_locales_209548-575-censo-locales-historico-csv.csv,actividades/2015_09_censo_actividades_209548-499-censo-locales-historico-csv.csv,2015,9,2015-09-01,True,complete,ed50_utm30,EPSG:23030
2015-10,locales/2015_10_censo_locales_209548-389-censo-locales-historico-csv.csv,actividades/2015_10_censo_actividades_209548-783-censo-locales-historico-csv.csv,2015,10,2015-10-01,True,complete,ed50_utm30,EPSG:23030
2015-11,locales/2015_11_censo_locales_209548-629-censo-locales-historico-csv.csv,actividades/2015_11_censo_actividades_209548-498-censo-locales-historico-csv.csv,2015,11,2015-11-01,True,complete,ed50_utm30,EPSG:23030
2015-12,locales/2015_12_censo_locales_209548-388-censo-locales-historico-csv.csv,actividades/2015_12_censo_actividades_209548-669-censo-locales-historico-csv.csv,2015,12,2015-12-01,True,complete,ed50_utm30,EPSG:23030
2016-01,locales/2016_01_censo_locales_209548-497-censo-locales-historico-csv.csv,actividades/2016_01_censo_actividades_209548-574-censo-locales-historico-csv.csv,2016,1,2016-01-01,True,complete,ed50_utm30,EPSG:23030
2016-02,locales/2016_02_censo_locales_209548-697-censo-locales-historico-csv.csv,actividades/2016_02_censo_actividades_209548-782-censo-locales-historico-csv.csv,2016,2,2016-02-01,True,complete,ed50_utm30,EPSG:23030
2016-03,locales/2016_03_censo_locales_209548-628-censo-locales-historico-csv.csv,actividades/2016_03_censo_actividades_209548-387-censo-locales-historico-csv.csv,2016,3,2016-03-01,True,complete,ed50_utm30,EPSG:23030
2016-04,locales/2016_04_censo_locales_209548-385-censo-locales-historico-csv.csv,actividades/2016_04_censo_actividades_209548-386-censo-locales-historico-csv.csv,2016,4,2016-04-01,True,complete,ed50_utm30,EPSG:23030
2016-05,locales/2016_05_censo_locales_209548-573-censo-locales-historico-csv.csv,actividades/2016_05_censo_actividades_209548-496-censo-locales-historico-csv.csv,2016,5,2016-05-01,True,complete,ed50_utm30,EPSG:23030
2016-06,locales/2016_06_censo_locales_209548-384-censo-locales-historico-csv.csv,actividades/2016_06_censo_actividades_209548-719-censo-locales-historico-csv.csv,2016,6,2016-06-01,True,complete,ed50_utm30,EPSG:23030
2016-07,locales/2016_07_censo_locales_209548-495-censo-locales-historico-csv.csv,actividades/2016_07_censo_actividades_209548-383-censo-locales-historico-csv.csv,2016,7,2016-07-01,True,complete,ed50_utm30,EPSG:23030
2016-08,locales/2016_08_censo_locales_209548-382-censo-locales-historico-csv.csv,actividades/2016_08_censo_actividades_209548-668-censo-locales-historico-csv.csv,2016,8,2016-08-01,True,complete,ed50_utm30,EPSG:23030
2016-09,locales/2016_09_censo_locales_209548-781-censo-locales-historico-csv.csv,actividades/2016_09_censo_actividades_209548-572-censo-locales-historico-csv.csv,2016,9,2016-09-01,True,complete,ed50_utm30,EPSG:23030
2016-10,locales/2016_10_censo_locales_209548-627-censo-locales-historico-csv.csv,actividades/2016_10_censo_actividades_209548-494-censo-locales-historico-csv.csv,2016,10,2016-10-01,True,complete,ed50_utm30,EPSG:23030
2016-11,locales/2016_11_censo_locales_209548-378-censo-locales-historico-csv.csv,actividades/2016_11_censo_actividades_209548-379-censo-locales-historico-csv.csv,2016,11,2016-11-01,True,complete,ed50_utm30,EPSG:23030
2016-12,locales/2016_12_censo_locales_209548-377-censo-locales-historico-csv.csv,actividades/2016_12_censo_actividades_209548-493-censo-locales-historico-csv.csv,2016,12,2016-12-01,True,complete,ed50_utm30,EPSG:23030
2017-01,locales/2017_01_censo_locales_209548-626-censo-locales-historico-csv.csv,actividades/2017_01_censo_actividades_209548-696-censo-locales-historico-csv.csv,2017,1,2017-01-01,True,complete,ed50_utm30,EPSG:23030
2017-02,locales/2017_02_censo_locales_209548-780-censo-locales-historico-csv.csv,actividades/2017_02_censo_actividades_209548-374-censo-locales-historico-csv.csv,2017,2,2017-02-01,True,complete,ed50_utm30,EPSG:23030
2017-03,locales/2017_03_censo_locales_209548-373-censo-locales-historico-csv.csv,actividades/2017_03_censo_actividades_209548-570-censo-locales-historico-csv.csv,2017,3,2017-03-01,True,complete,ed50_utm30,EPSG:23030
2017-04,locales/2017_04_censo_locales_209548-778-censo-locales-historico-csv.csv,actividades/2017_04_censo_actividades_209548-372-censo-locales-historico-csv.csv,2017,4,2017-04-01,True,complete,ed50_utm30,EPSG:23030
2017-05,locales/2017_05_censo_locales_209548-718-censo-locales-historico-csv.csv,actividades/2017_05_censo_actividades_209548-371-censo-locales-historico-csv.csv,2017,5,2017-05-01,True,complete,ed50_utm30,EPSG:23030
2017-06,locales/2017_06_censo_locales_209548-569-censo-locales-historico-csv.csv,actividades/2017_06_censo_actividades_209548-370-censo-locales-historico-csv.csv,2017,6,2017-06-01,True,complete,ed50_utm30,EPSG:23030
2017-07,locales/2017_07_censo_locales_209548-369-censo-locales-historico-csv.csv,actividades/2017_07_censo_actividades_209548-666-censo-locales-historico-csv.csv,2017,7,2017-07-01,True,complete,ed50_utm30,EPSG:23030
2017-08,locales/2017_08_censo_locales_209548-665-censo-locales-historico-csv.csv,actividades/2017_08_censo_actividades_209548-568-censo-locales-historico-csv.csv,2017,8,2017-08-01,True,complete,ed50_utm30,EPSG:23030
2017-09,locales/2017_09_censo_locales_209548-367-censo-locales-historico-csv.csv,actividades/2017_09_censo_actividades_209548-368-censo-locales-historico-csv.csv,2017,9,2017-09-01,True,complete,transition_2017_09,TRANSITION_2017_09
2017-10,locales/2017_10_censo_locales_209548-717-censo-locales-historico-csv.csv,actividades/2017_10_censo_actividades_209548-366-censo-locales-historico-csv.csv,2017,10,2017-10-01,True,complete,etrs89_utm30,EPSG:25830
2017-11,locales/2017_11_censo_locales_209548-363-censo-locales-historico-csv.csv,actividades/2017_11_censo_actividades_209548-488-censo-locales-historico-csv.csv,2017,11,2017-11-01,True,complete,etrs89_utm30,EPSG:25830
2017-12,locales/2017_12_censo_locales_209548-567-censo-locales-historico-csv.csv,,2017,12,2017-12-01,False,missing_actividades,etrs89_utm30,EPSG:25830
2018-01,locales/2018_01_censo_locales_209548-361-censo-locales-historico-csv.csv,actividades/2018_01_censo_actividades_209548-362-censo-locales-historico-csv.csv,2018,1,2018-01-01,True,complete,etrs89_utm30,EPSG:25830
2018-02,locales/2018_02_censo_locales_209548-360-censo-locales-historico-csv.csv,actividades/2018_02_censo_actividades_209548-487-censo-locales-historico-csv.csv,2018,2,2018-02-01,True,complete,etrs89_utm30,EPSG:25830
2018-03,locales/2018_03_censo_locales_209548-359-censo-locales-historico-csv.csv,actividades/2018_03_censo_actividades_209548-486-censo-locales-historico-csv.csv,2018,3,2018-03-01,True,complete,etrs89_utm30,EPSG:25830
2018-04,locales/2018_04_censo_locales_209548-357-censo-locales-historico-csv.csv,actividades/2018_04_censo_actividades_209548-776-censo-locales-historico-csv.csv,2018,4,2018-04-01,True,complete,etrs89_utm30,EPSG:25830
2018-05,locales/2018_05_censo_locales_209548-622-censo-locales-historico-csv.csv,actividades/2018_05_censo_actividades_209548-485-censo-locales-historico-csv.csv,2018,5,2018-05-01,True,complete,etrs89_utm30,EPSG:25830
2018-06,locales/2018_06_censo_locales_209548-664-censo-locales-historico-csv.csv,actividades/2018_06_censo_actividades_209548-354-censo-locales-historico-csv.csv,2018,6,2018-06-01,True,complete,etrs89_utm30,EPSG:25830
2018-07,locales/2018_07_censo_locales_209548-663-censo-locales-historico-csv.csv,actividades/2018_07_censo_actividades_209548-352-censo-locales-historico-csv.csv,2018,7,2018-07-01,True,complete,etrs89_utm30,EPSG:25830
2018-08,locales/2018_08_censo_locales_209548-773-censo-locales-historico-csv.csv,actividades/2018_08_censo_actividades_209548-350-censo-locales-historico-csv.csv,2018,8,2018-08-01,True,complete,etrs89_utm30,EPSG:25830
2018-09,locales/2018_09_censo_locales_209548-693-censo-locales-historico-csv.csv,actividades/2018_09_censo_actividades_209548-348-censo-locales-historico-csv.csv,2018,9,2018-09-01,True,complete,etrs89_utm30,EPSG:25830
2018-10,locales/2018_10_censo_locales_209548-482-censo-locales-historico-csv.csv,actividades/2018_10_censo_actividades_209548-621-censo-locales-historico-csv.csv,2018,10,2018-10-01,True,complete,etrs89_utm30,EPSG:25830
2018-11,locales/2018_11_censo_locales_209548-344-censo-locales-historico-csv.csv,actividades/2018_11_censo_actividades_209548-563-censo-locales-historico-csv.csv,2018,11,2018-11-01,True,complete,etrs89_utm30,EPSG:25830
2018-12,locales/2018_12_censo_locales_209548-342-censo-locales-historico-csv.csv,actividades/2018_12_censo_actividades_209548-620-censo-locales-historico-csv.csv,2018,12,2018-12-01,True,complete,etrs89_utm30,EPSG:25830
2019-01,locales/2019_01_censo_locales_209548-341-censo-locales-historico-csv.csv,actividades/2019_01_censo_actividades_209548-692-censo-locales-historico-csv.csv,2019,1,2019-01-01,True,complete,etrs89_utm30,EPSG:25830
2019-02,locales/2019_02_censo_locales_209548-715-censo-locales-historico-csv.csv,actividades/2019_02_censo_actividades_209548-480-censo-locales-historico-csv.csv,2019,2,2019-02-01,True,complete,etrs89_utm30,EPSG:25830
2019-03,locales/2019_03_censo_locales_209548-661-censo-locales-historico-csv.csv,actividades/2019_03_censo_actividades_209548-561-censo-locales-historico-csv.csv,2019,3,2019-03-01,True,complete,etrs89_utm30,EPSG:25830
2019-04,locales/2019_04_censo_locales_209548-771-censo-locales-historico-csv.csv,actividades/2019_04_censo_actividades_209548-479-censo-locales-historico-csv.csv,2019,4,2019-04-01,True,complete,etrs89_utm30,EPSG:25830
2019-05,locales/2019_05_censo_locales_209548-560-censo-locales-historico-csv.csv,actividades/2019_05_censo_actividades_209548-335-censo-locales-historico-csv.csv,2019,5,2019-05-01,True,complete,etrs89_utm30,EPSG:25830
2019-06,locales/2019_06_censo_locales_209548-618-censo-locales-historico-csv.csv,actividades/2019_06_censo_actividades_209548-333-censo-locales-historico-csv.csv,2019,6,2019-06-01,True,complete,etrs89_utm30,EPSG:25830
2019-07,locales/2019_07_censo_locales_209548-330-censo-locales-historico-csv.csv,actividades/2019_07_censo_actividades_209548-331-censo-locales-historico-csv.csv,2019,7,2019-07-01,True,complete,etrs89_utm30,EPSG:25830
2019-08,locales/2019_08_censo_locales_209548-691-censo-locales-historico-csv.csv,actividades/2019_08_censo_actividades_209548-329-censo-locales-historico-csv.csv,2019,8,2019-08-01,True,complete,etrs89_utm30,EPSG:25830
2019-09,locales/2019_09_censo_locales_209548-327-censo-locales-historico-csv.csv,actividades/2019_09_censo_actividades_209548-768-censo-locales-historico-csv.csv,2019,9,2019-09-01,True,complete,etrs89_utm30,EPSG:25830
2019-10,locales/2019_10_censo_locales_209548-325-censo-locales-historico-csv.csv,actividades/2019_10_censo_actividades_209548-617-censo-locales-historico-csv.csv,2019,10,2019-10-01,True,complete,etrs89_utm30,EPSG:25830
2019-11,locales/2019_11_censo_locales_209548-323-censo-locales-historico-csv.csv,actividades/2019_11_censo_actividades_209548-324-censo-locales-historico-csv.csv,2019,11,2019-11-01,True,complete,etrs89_utm30,EPSG:25830
2019-12,locales/2019_12_censo_locales_209548-321-censo-locales-historico-csv.csv,actividades/2019_12_censo_actividades_209548-322-censo-locales-historico-csv.csv,2019,12,2019-12-01,True,complete,etrs89_utm30,EPSG:25830
2020-01,locales/2020_01_censo_locales_209548-690-censo-locales-historico-csv.csv,actividades/2020_01_censo_actividades_209548-320-censo-locales-historico-csv.csv,2020,1,2020-01-01,True,complete,etrs89_utm30,EPSG:25830
2020-02,locales/2020_02_censo_locales_209548-556-censo-locales-historico-csv.csv,actividades/2020_02_censo_actividades_209548-787-censo-locales-historico-csv.csv,2020,2,2020-02-01,True,complete,etrs89_utm30,EPSG:25830
2020-03,locales/2020_03_censo_locales_209548-767-censo-locales-historico-csv.csv,actividades/2020_03_censo_actividades_209548-473-censo-locales-historico-csv.csv,2020,3,2020-03-01,True,complete,etrs89_utm30,EPSG:25830
2020-04,locales/2020_04_censo_locales_209548-615-censo-locales-historico-csv.csv,actividades/2020_04_censo_actividades_209548-472-censo-locales-historico-csv.csv,2020,4,2020-04-01,True,complete,etrs89_utm30,EPSG:25830
2020-05,locales/2020_05_censo_locales_209548-714-censo-locales-historico-csv.csv,actividades/2020_05_censo_actividades_209548-766-censo-locales-historico-csv.csv,2020,5,2020-05-01,True,complete,etrs89_utm30,EPSG:25830
2020-06,locales/2020_06_censo_locales_209548-614-censo-locales-historico-csv.csv,actividades/2020_06_censo_actividades_209548-555-censo-locales-historico-csv.csv,2020,6,2020-06-01,True,complete,etrs89_utm30,EPSG:25830
2020-07,locales/2020_07_censo_locales_209548-471-censo-locales-historico-csv.csv,actividades/2020_07_censo_actividades_209548-765-censo-locales-historico-csv.csv,2020,7,2020-07-01,True,complete,etrs89_utm30,EPSG:25830
2020-08,locales/2020_08_censo_locales_209548-306-censo-locales-historico-csv.csv,actividades/2020_08_censo_actividades_209548-307-censo-locales-historico-csv.csv,2020,8,2020-08-01,True,complete,etrs89_utm30,EPSG:25830
2020-09,locales/2020_09_censo_locales_209548-713-censo-locales-historico-csv.csv,actividades/2020_09_censo_actividades_209548-305-censo-locales-historico-csv.csv,2020,9,2020-09-01,True,complete,etrs89_utm30,EPSG:25830
2020-10,locales/2020_10_censo_locales_209548-553-censo-locales-historico-csv.csv,actividades/2020_10_censo_actividades_209548-657-censo-locales-historico-csv.csv,2020,10,2020-10-01,True,complete,etrs89_utm30,EPSG:25830
2020-11,locales/2020_11_censo_locales_209548-688-censo-locales-historico-csv.csv,actividades/2020_11_censo_actividades_209548-303-censo-locales-historico-csv.csv,2020,11,2020-11-01,True,complete,etrs89_utm30,EPSG:25830
2020-12,locales/2020_12_censo_locales_209548-612-censo-locales-historico-csv.csv,actividades/2020_12_censo_actividades_209548-468-censo-locales-historico-csv.csv,2020,12,2020-12-01,True,complete,etrs89_utm30,EPSG:25830
2021-01,locales/2021_01_censo_locales_209548-764-censo-locales-historico-csv.csv,actividades/2021_01_censo_actividades_209548-298-censo-locales-historico-csv.csv,2021,1,2021-01-01,True,complete,etrs89_utm30,EPSG:25830
2021-02,locales/2021_02_censo_locales_209548-611-censo-locales-historico-csv.csv,actividades/2021_02_censo_actividades_209548-467-censo-locales-historico-csv.csv,2021,2,2021-02-01,True,complete,etrs89_utm30,EPSG:25830
2021-03,locales/2021_03_censo_locales_209548-551-censo-locales-historico-csv.csv,actividades/2021_03_censo_actividades_209548-294-censo-locales-historico-csv.csv,2021,3,2021-03-01,True,complete,etrs89_utm30,EPSG:25830
2021-04,locales/2021_04_censo_locales_209548-292-censo-locales-historico-csv.csv,actividades/2021_04_censo_actividades_209548-762-censo-locales-historico-csv.csv,2021,4,2021-04-01,True,complete,etrs89_utm30,EPSG:25830
2021-05,locales/2021_05_censo_locales_209548-712-censo-locales-historico-csv.csv,actividades/2021_05_censo_actividades_209548-761-censo-locales-historico-csv.csv,2021,5,2021-05-01,True,complete,etrs89_utm30,EPSG:25830
2021-06,locales/2021_06_censo_locales_209548-287-censo-locales-historico-csv.csv,actividades/2021_06_censo_actividades_209548-465-censo-locales-historico-csv.csv,2021,6,2021-06-01,True,complete,etrs89_utm30,EPSG:25830
2021-07,locales/2021_07_censo_locales_209548-285-censo-locales-historico-csv.csv,actividades/2021_07_censo_actividades_209548-550-censo-locales-historico-csv.csv,2021,7,2021-07-01,True,complete,etrs89_utm30,EPSG:25830
2021-08,locales/2021_08_censo_locales_209548-284-censo-locales-historico-csv.csv,actividades/2021_08_censo_actividades_209548-609-censo-locales-historico-csv.csv,2021,8,2021-08-01,True,complete,etrs89_utm30,EPSG:25830
2021-09,locales/2021_09_censo_locales_209548-655-censo-locales-historico-csv.csv,actividades/2021_09_censo_actividades_209548-283-censo-locales-historico-csv.csv,2021,9,2021-09-01,True,complete,etrs89_utm30,EPSG:25830
2021-10,locales/2021_10_censo_locales_209548-687-censo-locales-historico-csv.csv,actividades/2021_10_censo_actividades_209548-281-censo-locales-historico-csv.csv,2021,10,2021-10-01,True,complete,etrs89_utm30,EPSG:25830
2021-11,locales/2021_11_censo_locales_209548-278-censo-locales-historico-csv.csv,actividades/2021_11_censo_actividades_209548-279-censo-locales-historico-csv.csv,2021,11,2021-11-01,True,complete,etrs89_utm30,EPSG:25830
2021-12,locales/2021_12_censo_locales_209548-277-censo-locales-historico-csv.csv,actividades/2021_12_censo_actividades_209548-711-censo-locales-historico-csv.csv,2021,12,2021-12-01,True,complete,etrs89_utm30,EPSG:25830
2022-01,locales/2022_01_censo_locales_209548-608-censo-locales-historico-csv.csv,actividades/2022_01_censo_actividades_209548-275-censo-locales-historico-csv.csv,2022,1,2022-01-01,True,complete,etrs89_utm30,EPSG:25830
2022-02,locales/2022_02_censo_locales_209548-654-censo-locales-historico-csv.csv,actividades/2022_02_censo_actividades_209548-274-censo-locales-historico-csv.csv,2022,2,2022-02-01,True,complete,etrs89_utm30,EPSG:25830
2022-03,locales/2022_03_censo_locales_209548-460-censo-locales-historico-csv.csv,actividades/2022_03_censo_actividades_209548-272-censo-locales-historico-csv.csv,2022,3,2022-03-01,True,complete,etrs89_utm30,EPSG:25830
2022-04,locales/2022_04_censo_locales_209548-653-censo-locales-historico-csv.csv,,2022,4,2022-04-01,False,missing_actividades,etrs89_utm30,EPSG:25830
2022-05,locales/2022_05_censo_locales_209548-268-censo-locales-historico-csv.csv,actividades/2022_05_censo_actividades_209548-607-censo-locales-historico-csv.csv,2022,5,2022-05-01,True,complete,etrs89_utm30,EPSG:25830
2022-06,locales/2022_06_censo_locales_209548-266-censo-locales-historico-csv.csv,actividades/2022_06_censo_actividades_209548-758-censo-locales-historico-csv.csv,2022,6,2022-06-01,True,complete,etrs89_utm30,EPSG:25830
2022-07,locales/2022_07_censo_locales_209548-757-censo-locales-historico-csv.csv,actividades/2022_07_censo_actividades_209548-545-censo-locales-historico-csv.csv,2022,7,2022-07-01,True,complete,etrs89_utm30,EPSG:25830
2022-08,locales/2022_08_censo_locales_209548-262-censo-locales-historico-csv.csv,actividades/2022_08_censo_actividades_209548-263-censo-locales-historico-csv.csv,2022,8,2022-08-01,True,complete,etrs89_utm30,EPSG:25830
2022-09,locales/2022_09_censo_locales_209548-606-censo-locales-historico-csv.csv,actividades/2022_09_censo_actividades_209548-261-censo-locales-historico-csv.csv,2022,9,2022-09-01,True,complete,etrs89_utm30,EPSG:25830
2022-10,locales/2022_10_censo_locales_209548-652-censo-locales-historico-csv.csv,actividades/2022_10_censo_actividades_209548-256-censo-locales-historico-csv.csv,2022,10,2022-10-01,True,complete,etrs89_utm30,EPSG:25830
2022-11,locales/2022_11_censo_locales_209548-651-censo-locales-historico-csv.csv,actividades/2022_11_censo_actividades_209548-250-censo-locales-historico-csv.csv,2022,11,2022-11-01,True,complete,etrs89_utm30,EPSG:25830
2022-12,locales/2022_12_censo_locales_209548-540-censo-locales-historico-csv.csv,actividades/2022_12_censo_actividades_209548-684-censo-locales-historico-csv.csv,2022,12,2022-12-01,True,complete,etrs89_utm30,EPSG:25830
2023-01,locales/2023_01_censo_locales_209548-683-censo-locales-historico-csv.csv,actividades/2023_01_censo_actividades_209548-451-censo-locales-historico-csv.csv,2023,1,2023-01-01,True,complete,etrs89_utm30,EPSG:25830
2023-02,locales/2023_02_censo_locales_209548-231-censo-locales-historico-csv.csv,actividades/2023_02_censo_actividades_209548-235-censo-locales-historico-csv.csv,2023,2,2023-02-01,True,complete,etrs89_utm30,EPSG:25830
2023-03,locales/2023_03_censo_locales_209548-649-censo-locales-historico-csv.csv,actividades/2023_03_censo_actividades_209548-226-censo-locales-historico-csv.csv,2023,3,2023-03-01,True,complete,etrs89_utm30,EPSG:25830
2023-04,locales/2023_04_censo_locales_209548-218-censo-locales-historico-csv.csv,actividades/2023_04_censo_actividades_209548-221-censo-locales-historico-csv.csv,2023,4,2023-04-01,True,complete,etrs89_utm30,EPSG:25830
2023-05,locales/2023_05_censo_locales_209548-444-censo-locales-historico-csv.csv,actividades/2023_05_censo_actividades_209548-214-censo-locales-historico-csv.csv,2023,5,2023-05-01,True,complete,etrs89_utm30,EPSG:25830
2023-06,locales/2023_06_censo_locales_209548-204-censo-locales-historico-csv.csv,actividades/2023_06_censo_actividades_209548-209-censo-locales-historico-csv.csv,2023,6,2023-06-01,True,complete,etrs89_utm30,EPSG:25830
2023-07,locales/2023_07_censo_locales_209548-598-censo-locales-historico-csv.csv,actividades/2023_07_censo_actividades_209548-647-censo-locales-historico-csv.csv,2023,7,2023-07-01,True,complete,etrs89_utm30,EPSG:25830
2023-08,locales/2023_08_censo_locales_209548-191-censo-locales-historico-csv.csv,actividades/2023_08_censo_actividades_209548-195-censo-locales-historico-csv.csv,2023,8,2023-08-01,True,complete,etrs89_utm30,EPSG:25830
2023-09,locales/2023_09_censo_locales_209548-182-censo-locales-historico-csv.csv,actividades/2023_09_censo_actividades_209548-188-censo-locales-historico-csv.csv,2023,9,2023-09-01,True,complete,etrs89_utm30,EPSG:25830
2023-10,locales/2023_10_censo_locales_209548-176-censo-locales-historico-csv.csv,actividades/2023_10_censo_actividades_209548-180-censo-locales-historico-csv.csv,2023,10,2023-10-01,True,complete,etrs89_utm30,EPSG:25830
2023-11,locales/2023_11_censo_locales_209548-169-censo-locales-historico-csv.csv,actividades/2023_11_censo_actividades_209548-174-censo-locales-historico-csv.csv,2023,11,2023-11-01,True,complete,etrs89_utm30,EPSG:25830
2023-12,locales/2023_12_censo_locales_209548-743-censo-locales-historico-csv.csv,actividades/2023_12_censo_actividades_209548-166-censo-locales-historico-csv.csv,2023,12,2023-12-01,True,complete,etrs89_utm30,EPSG:25830
2024-01,locales/2024_01_censo_locales_209548-154-censo-locales-historico-csv.csv,actividades/2024_01_censo_actividades_209548-157-censo-locales-historico-csv.csv,2024,1,2024-01-01,True,complete,etrs89_utm30,EPSG:25830
2024-02,locales/2024_02_censo_locales_209548-146-censo-locales-historico-csv.csv,actividades/2024_02_censo_actividades_209548-594-censo-locales-historico-csv.csv,2024,2,2024-02-01,True,complete,etrs89_utm30,EPSG:25830
2024-03,locales/2024_03_censo_locales_209548-140-censo-locales-historico-csv.csv,actividades/2024_03_censo_actividades_209548-143-censo-locales-historico-csv.csv,2024,3,2024-03-01,True,complete,etrs89_utm30,EPSG:25830
2024-04,locales/2024_04_censo_locales_209548-132-censo-locales-historico-csv.csv,actividades/2024_04_censo_actividades_209548-137-censo-locales-historico-csv.csv,2024,4,2024-04-01,True,complete,etrs89_utm30,EPSG:25830
2024-05,locales/2024_05_censo_locales_209548-124-censo-locales-historico-csv.csv,actividades/2024_05_censo_actividades_209548-127-censo-locales-historico-csv.csv,2024,5,2024-05-01,True,complete,etrs89_utm30,EPSG:25830
2024-06,locales/2024_06_censo_locales_209548-428-censo-locales-historico-csv.csv,actividades/2024_06_censo_actividades_209548-522-censo-locales-historico-csv.csv,2024,6,2024-06-01,True,complete,etrs89_utm30,EPSG:25830
2024-07,locales/2024_07_censo_locales_209548-110-censo-locales-historico-csv.csv,actividades/2024_07_censo_actividades_209548-113-censo-locales-historico-csv.csv,2024,7,2024-07-01,True,complete,etrs89_utm30,EPSG:25830
2024-08,locales/2024_08_censo_locales_209548-102-censo-locales-historico-csv.csv,actividades/2024_08_censo_actividades_209548-520-censo-locales-historico-csv.csv,2024,8,2024-08-01,True,complete,etrs89_utm30,EPSG:25830
2024-09,locales/2024_09_censo_locales_209548-98-censo-locales-historico-csv.csv,actividades/2024_09_censo_actividades_209548-519-censo-locales-historico-csv.csv,2024,9,2024-09-01,True,complete,etrs89_utm30,EPSG:25830
2024-10,locales/2024_10_censo_locales_209548-90-censo-locales-historico-csv.csv,actividades/2024_10_censo_actividades_209548-736-censo-locales-historico-csv.csv,2024,10,2024-10-01,True,complete,etrs89_utm30,EPSG:25830
2024-11,locales/2024_11_censo_locales_209548-84-censo-locales-historico-csv.csv,actividades/2024_11_censo_actividades_209548-422-censo-locales-historico-csv.csv,2024,11,2024-11-01,True,complete,etrs89_utm30,EPSG:25830
2024-12,locales/2024_12_censo_locales_209548-76-censo-locales-historico-csv.csv,actividades/2024_12_censo_actividades_209548-80-censo-locales-historico-csv.csv,2024,12,2024-12-01,True,complete,etrs89_utm30,EPSG:25830
2025-03,locales/2025_03_censo_locales_209548-70-censo-locales-historico-csv.csv,actividades/2025_03_censo_actividades_209548-419-censo-locales-historico-csv.csv,2025,3,2025-03-01,True,complete,etrs89_utm30,EPSG:25830
2025-04,locales/2025_04_censo_locales_209548-63-censo-locales-historico-csv.csv,actividades/2025_04_censo_actividades_209548-586-censo-locales-historico-csv.csv,2025,4,2025-04-01,True,complete,etrs89_utm30,EPSG:25830
2025-05,locales/2025_05_censo_locales_209548-58-censo-locales-historico-csv.csv,actividades/2025_05_censo_actividades_209548-513-censo-locales-historico-csv.csv,2025,5,2025-05-01,True,complete,etrs89_utm30,EPSG:25830
2025-06,locales/2025_06_censo_locales_209548-511-censo-locales-historico-csv.csv,actividades/2025_06_censo_actividades_209548-54-censo-locales-historico-csv.csv,2025,6,2025-06-01,True,complete,etrs89_utm30,EPSG:25830
2025-07,locales/2025_07_censo_locales_209548-44-censo-locales-historico-csv.csv,actividades/2025_07_censo_actividades_209548-47-censo-locales-historico-csv.csv,2025,7,2025-07-01,True,complete,etrs89_utm30,EPSG:25830
2025-08,locales/2025_08_censo_locales_209548-729-censo-locales-historico-csv.csv,actividades/2025_08_censo_actividades_209548-41-censo-locales-historico-csv.csv,2025,8,2025-08-01,True,complete,etrs89_utm30,EPSG:25830
2025-09,locales/2025_09_censo_locales_209548-726-censo-locales-historico-csv.csv,actividades/2025_09_censo_actividades_209548-35-censo-locales-historico-csv.csv,2025,9,2025-09-01,True,complete,etrs89_utm30,EPSG:25830
2025-10,locales/2025_10_censo_locales_209548-724-censo-locales-historico-csv.csv,actividades/2025_10_censo_actividades_209548-30-censo-locales-historico-csv.csv,2025,10,2025-10-01,True,complete,etrs89_utm30,EPSG:25830
2025-11,locales/2025_11_censo_locales_209548-700-censo-locales-historico-csv.csv,actividades/2025_11_censo_actividades_209548-24-censo-locales-historico-csv.csv,2025,11,2025-11-01,True,complete,etrs89_utm30,EPSG:25830
2025-12,locales/2025_12_censo_locales_209548-404-censo-locales-historico-csv.csv,actividades/2025_12_censo_actividades_209548-17-censo-locales-historico-csv.csv,2025,12,2025-12-01,True,complete,etrs89_utm30,EPSG:25830
2026-01,locales/2026_01_censo_locales_209548-722-censo-locales-historico-csv.csv,actividades/2026_01_censo_actividades_209548-723-censo-locales-historico-csv.csv,2026,1,2026-01-01,True,complete,etrs89_utm30,EPSG:25830
2026-02,locales/2026_02_censo_locales_209548-502-censo-locales-historico-csv.csv,actividades/2026_02_censo_actividades_209548-5-censo-locales-historico.csv,2026,2,2026-02-01,True,complete,etrs89_utm30,EPSG:25830
2026-03,locales/2026_03_censo_locales_209548-798-censo-locales-historico.csv,actividades/2026_03_censo_actividades_209548-792-censo-locales-historico.csv,2026,3,2026-03-01,True,complete,etrs89_utm30,EPSG:25830
