period,dataset,dataset_available,coverage_status,coord_crs_status,output_path,status,rows,raw_encoding,raw_delimiter,raw_reader_mode,locales_with_best_coords,locales_without_best_coords,locales_coordinate_missing,actividades_unique_local_ids,actividades_unique_epigrafes
2015-01,actividades,True,complete,ed50_utm30,/Users/alejandrotreny/Library/Mobile Documents/com~apple~CloudDocs/Github/Localizate/data/intermediate/censo_snapshots/actividades/2015-01.csv.gz,skipped_existing,,,,,,,,,
2015-01,locales,True,complete,ed50_utm30,/Users/alejandrotreny/Library/Mobile Documents/com~apple~CloudDocs/Github/Localizate/data/intermediate/censo_snapshots/locales/2015-01.csv.gz,skipped_existing,,,,,,,,,
2015-02,actividades,True,complete,ed50_utm30,/Users/alejandrotreny/Library/Mobile Documents/com~apple~CloudDocs/Github/Localizate/data/intermediate/censo_snapshots/actividades/2015-02.csv.gz,materialized,155247.0,cp1252,;,pandas_default,,,,142679.0,423.0
2015-02,locales,True,complete,ed50_utm30,/Users/alejandrotreny/Library/Mobile Documents/com~apple~CloudDocs/Github/Localizate/data/intermediate/censo_snapshots/locales/2015-02.csv.gz,skipped_existing,,,,,,,,,
2015-03,actividades,True,complete,ed50_utm30,/Users/alejandrotreny/Library/Mobile Documents/com~apple~CloudDocs/Github/Localizate/data/intermediate/censo_snapshots/actividades/2015-03.csv.gz,materialized,155790.0,cp1252,;,pandas_default,,,,143123.0,424.0
2015-03,locales,True,complete,ed50_utm30,/Users/alejandrotreny/Library/Mobile Documents/com~apple~CloudDocs/Github/Localizate/data/intermediate/censo_snapshots/locales/2015-03.csv.gz,materialized,143123.0,cp1252,;,pandas_default,141333.0,1790.0,1790.0,,
2015-04,actividades,True,complete,ed50_utm30,/Users/alejandrotreny/Library/Mobile Documents/com~apple~CloudDocs/Github/Localizate/data/intermediate/censo_snapshots/actividades/2015-04.csv.gz,materialized,155930.0,cp1252,;,pandas_default,,,,143185.0,424.0
2015-04,locales,True,complete,ed50_utm30,/Users/alejandrotreny/Library/Mobile Documents/com~apple~CloudDocs/Github/Localizate/data/intermediate/censo_snapshots/locales/2015-04.csv.gz,materialized,143185.0,cp1252,;,pandas_default,141382.0,1803.0,1803.0,,
2015-05,actividades,True,complete,ed50_utm30,/Users/alejandrotreny/Library/Mobile Documents/com~apple~CloudDocs/Github/Localizate/data/intermediate/censo_snapshots/actividades/2015-05.csv.gz,materialized,156525.0,cp1252,;,pandas_default,,,,143663.0,426.0
2015-05,locales,True,complete,ed50_utm30,/Users/alejandrotreny/Library/Mobile Documents/com~apple~CloudDocs/Github/Localizate/data/intermediate/censo_snapshots/locales/2015-05.csv.gz,materialized,143663.0,cp1252,;,pandas_default,141822.0,1841.0,1841.0,,
2015-06,actividades,True,complete,ed50_utm30,/Users/alejandrotreny/Library/Mobile Documents/com~apple~CloudDocs/Github/Localizate/data/intermediate/censo_snapshots/actividades/2015-06.csv.gz,materialized,156826.0,cp1252,;,pandas_default,,,,143811.0,426.0
2015-06,locales,True,complete,ed50_utm30,/Users/alejandrotreny/Library/Mobile Documents/com~apple~CloudDocs/Github/Localizate/data/intermediate/censo_snapshots/locales/2015-06.csv.gz,materialized,143811.0,cp1252,;,pandas_default,141901.0,1910.0,1910.0,,
2015-08,actividades,True,complete,ed50_utm30,/Users/alejandrotreny/Library/Mobile Documents/com~apple~CloudDocs/Github/Localizate/data/intermediate/censo_snapshots/actividades/2015-08.csv.gz,materialized,157039.0,cp1252,;,pandas_default,,,,143988.0,426.0
2015-08,locales,True,complete,ed50_utm30,/Users/alejandrotreny/Library/Mobile Documents/com~apple~CloudDocs/Github/Localizate/data/intermediate/censo_snapshots/locales/2015-08.csv.gz,materialized,143988.0,cp1252,;,pandas_default,142007.0,1981.0,1981.0,,
2015-09,actividades,True,complete,ed50_utm30,/Users/alejandrotreny/Library/Mobile Documents/com~apple~CloudDocs/Github/Localizate/data/intermediate/censo_snapshots/actividades/2015-09.csv.gz,materialized,157206.0,cp1252,;,pandas_default,,,,144048.0,426.0
2015-09,locales,True,complete,ed50_utm30,/Users/alejandrotreny/Library/Mobile Documents/com~apple~CloudDocs/Github/Localizate/data/intermediate/censo_snapshots/locales/2015-09.csv.gz,materialized,144048.0,cp1252,;,pandas_default,142040.0,2008.0,2008.0,,
2015-10,actividades,True,complete,ed50_utm30,/Users/alejandrotreny/Library/Mobile Documents/com~apple~CloudDocs/Github/Localizate/data/intermediate/censo_snapshots/actividades/2015-10.csv.gz,materialized,157349.0,cp1252,;,pandas_default,,,,144094.0,426.0
2015-10,locales,True,complete,ed50_utm30,/Users/alejandrotreny/Library/Mobile Documents/com~apple~CloudDocs/Github/Localizate/data/intermediate/censo_snapshots/locales/2015-10.csv.gz,materialized,144094.0,cp1252,;,pandas_default,142087.0,2007.0,2007.0,,
2015-11,actividades,True,complete,ed50_utm30,/Users/alejandrotreny/Library/Mobile Documents/com~apple~CloudDocs/Github/Localizate/data/intermediate/censo_snapshots/actividades/2015-11.csv.gz,materialized,157569.0,cp1252,;,pandas_default,,,,144168.0,426.0
2015-11,locales,True,complete,ed50_utm30,/Users/alejandrotreny/Library/Mobile Documents/com~apple~CloudDocs/Github/Localizate/data/intermediate/censo_snapshots/locales/2015-11.csv.gz,materialized,144168.0,cp1252,;,pandas_default,142136.0,2032.0,2032.0,,
2015-12,actividades,True,complete,ed50_utm30,/Users/alejandrotreny/Library/Mobile Documents/com~apple~CloudDocs/Github/Localizate/data/intermediate/censo_snapshots/actividades/2015-12.csv.gz,materialized,157569.0,cp1252,;,pandas_default,,,,144168.0,426.0
2015-12,locales,True,complete,ed50_utm30,/Users/alejandrotreny/Library/Mobile Documents/com~apple~CloudDocs/Github/Localizate/data/intermediate/censo_snapshots/locales/2015-12.csv.gz,materialized,144168.0,cp1252,;,pandas_default,142136.0,2032.0,2032.0,,
2016-01,actividades,True,complete,ed50_utm30,/Users/alejandrotreny/Library/Mobile Documents/com~apple~CloudDocs/Github/Localizate/data/intermediate/censo_snapshots/actividades/2016-01.csv.gz,materialized,157975.0,cp1252,;,pandas_default,,,,144381.0,426.0
2016-01,locales,True,complete,ed50_utm30,/Users/alejandrotreny/Library/Mobile Documents/com~apple~CloudDocs/Github/Localizate/data/intermediate/censo_snapshots/locales/2016-01.csv.gz,materialized,144381.0,cp1252,;,pandas_default,142188.0,2193.0,2193.0,,
2016-02,actividades,True,complete,ed50_utm30,/Users/alejandrotreny/Library/Mobile Documents/com~apple~CloudDocs/Github/Localizate/data/intermediate/censo_snapshots/actividades/2016-02.csv.gz,materialized,158283.0,utf-8-sig,;,pandas_default,,,,144480.0,425.0
2016-02,locales,True,complete,ed50_utm30,/Users/alejandrotreny/Library/Mobile Documents/com~apple~CloudDocs/Github/Localizate/data/intermediate/censo_snapshots/locales/2016-02.csv.gz,materialized,144480.0,utf-8-sig,;,pandas_default,142232.0,2248.0,2248.0,,
2016-03,actividades,True,complete,ed50_utm30,/Users/alejandrotreny/Library/Mobile Documents/com~apple~CloudDocs/Github/Localizate/data/intermediate/censo_snapshots/actividades/2016-03.csv.gz,materialized,158528.0,utf-8-sig,;,pandas_default,,,,144562.0,427.0
2016-03,locales,True,complete,ed50_utm30,/Users/alejandrotreny/Library/Mobile Documents/com~apple~CloudDocs/Github/Localizate/data/intermediate/censo_snapshots/locales/2016-03.csv.gz,materialized,144562.0,utf-8-sig,;,pandas_default,142297.0,2265.0,2265.0,,
2016-04,actividades,True,complete,ed50_utm30,/Users/alejandrotreny/Library/Mobile Documents/com~apple~CloudDocs/Github/Localizate/data/intermediate/censo_snapshots/actividades/2016-04.csv.gz,materialized,158908.0,utf-8-sig,;,pandas_default,,,,144710.0,430.0
2016-04,locales,True,complete,ed50_utm30,/Users/alejandrotreny/Library/Mobile Documents/com~apple~CloudDocs/Github/Localizate/data/intermediate/censo_snapshots/locales/2016-04.csv.gz,materialized,144710.0,utf-8-sig,;,pandas_default,142362.0,2348.0,2348.0,,
2016-05,actividades,True,complete,ed50_utm30,/Users/alejandrotreny/Library/Mobile Documents/com~apple~CloudDocs/Github/Localizate/data/intermediate/censo_snapshots/actividades/2016-05.csv.gz,materialized,159044.0,cp1252,;,pandas_default,,,,144753.0,431.0
2016-05,locales,True,complete,ed50_utm30,/Users/alejandrotreny/Library/Mobile Documents/com~apple~CloudDocs/Github/Localizate/data/intermediate/censo_snapshots/locales/2016-05.csv.gz,materialized,144710.0,cp1252,;,pandas_default,142321.0,2389.0,2389.0,,
2016-06,actividades,True,complete,ed50_utm30,/Users/alejandrotreny/Library/Mobile Documents/com~apple~CloudDocs/Github/Localizate/data/intermediate/censo_snapshots/actividades/2016-06.csv.gz,materialized,159272.0,cp1252,;,pandas_default,,,,144811.0,431.0
2016-06,locales,True,complete,ed50_utm30,/Users/alejandrotreny/Library/Mobile Documents/com~apple~CloudDocs/Github/Localizate/data/intermediate/censo_snapshots/locales/2016-06.csv.gz,materialized,144811.0,cp1252,;,pandas_default,142473.0,2338.0,2338.0,,
2016-07,actividades,True,complete,ed50_utm30,/Users/alejandrotreny/Library/Mobile Documents/com~apple~CloudDocs/Github/Localizate/data/intermediate/censo_snapshots/actividades/2016-07.csv.gz,materialized,159401.0,cp1252,;,pandas_default,,,,144852.0,432.0
2016-07,locales,True,complete,ed50_utm30,/Users/alejandrotreny/Library/Mobile Documents/com~apple~CloudDocs/Github/Localizate/data/intermediate/censo_snapshots/locales/2016-07.csv.gz,materialized,144852.0,cp1252,;,pandas_default,142500.0,2352.0,2352.0,,
2016-08,actividades,True,complete,ed50_utm30,/Users/alejandrotreny/Library/Mobile Documents/com~apple~CloudDocs/Github/Localizate/data/intermediate/censo_snapshots/actividades/2016-08.csv.gz,materialized,159497.0,cp1252,;,pandas_default,,,,144891.0,432.0
2016-08,locales,True,complete,ed50_utm30,/Users/alejandrotreny/Library/Mobile Documents/com~apple~CloudDocs/Github/Localizate/data/intermediate/censo_snapshots/locales/2016-08.csv.gz,materialized,144891.0,cp1252,;,pandas_default,142518.0,2373.0,2373.0,,
2016-09,actividades,True,complete,ed50_utm30,/Users/alejandrotreny/Library/Mobile Documents/com~apple~CloudDocs/Github/Localizate/data/intermediate/censo_snapshots/actividades/2016-09.csv.gz,materialized,159604.0,cp1252,;,pandas_default,,,,144920.0,432.0
2016-09,locales,True,complete,ed50_utm30,/Users/alejandrotreny/Library/Mobile Documents/com~apple~CloudDocs/Github/Localizate/data/intermediate/censo_snapshots/locales/2016-09.csv.gz,materialized,144920.0,cp1252,;,pandas_default,142535.0,2385.0,2385.0,,
2016-10,actividades,True,complete,ed50_utm30,/Users/alejandrotreny/Library/Mobile Documents/com~apple~CloudDocs/Github/Localizate/data/intermediate/censo_snapshots/actividades/2016-10.csv.gz,materialized,159847.0,cp1252,;,pandas_default,,,,144996.0,432.0
2016-10,locales,True,complete,ed50_utm30,/Users/alejandrotreny/Library/Mobile Documents/com~apple~CloudDocs/Github/Localizate/data/intermediate/censo_snapshots/locales/2016-10.csv.gz,materialized,144996.0,cp1252,;,pandas_default,142582.0,2414.0,2414.0,,
2016-11,actividades,True,complete,ed50_utm30,/Users/alejandrotreny/Library/Mobile Documents/com~apple~CloudDocs/Github/Localizate/data/intermediate/censo_snapshots/actividades/2016-11.csv.gz,materialized,159701.0,utf-8-sig,;,pandas_default,,,,145042.0,433.0
2016-11,locales,True,complete,ed50_utm30,/Users/alejandrotreny/Library/Mobile Documents/com~apple~CloudDocs/Github/Localizate/data/intermediate/censo_snapshots/locales/2016-11.csv.gz,materialized,145042.0,utf-8-sig,;,pandas_default,142233.0,2809.0,2809.0,,
2016-12,actividades,True,complete,ed50_utm30,/Users/alejandrotreny/Library/Mobile Documents/com~apple~CloudDocs/Github/Localizate/data/intermediate/censo_snapshots/actividades/2016-12.csv.gz,materialized,159772.0,cp1252,;,pandas_default,,,,145065.0,434.0
2016-12,locales,True,complete,ed50_utm30,/Users/alejandrotreny/Library/Mobile Documents/com~apple~CloudDocs/Github/Localizate/data/intermediate/censo_snapshots/locales/2016-12.csv.gz,materialized,145065.0,cp1252,;,pandas_default,142609.0,2456.0,2456.0,,
2017-01,actividades,True,complete,ed50_utm30,/Users/alejandrotreny/Library/Mobile Documents/com~apple~CloudDocs/Github/Localizate/data/intermediate/censo_snapshots/actividades/2017-01.csv.gz,materialized,159847.0,cp1252,;,pandas_default,,,,145103.0,434.0
2017-01,locales,True,complete,ed50_utm30,/Users/alejandrotreny/Library/Mobile Documents/com~apple~CloudDocs/Github/Localizate/data/intermediate/censo_snapshots/locales/2017-01.csv.gz,materialized,145103.0,cp1252,;,pandas_default,142635.0,2468.0,2468.0,,
2017-02,actividades,True,complete,ed50_utm30,/Users/alejandrotreny/Library/Mobile Documents/com~apple~CloudDocs/Github/Localizate/data/intermediate/censo_snapshots/actividades/2017-02.csv.gz,materialized,160111.0,cp1252,;,pandas_default,,,,145297.0,434.0
2017-02,locales,True,complete,ed50_utm30,/Users/alejandrotreny/Library/Mobile Documents/com~apple~CloudDocs/Github/Localizate/data/intermediate/censo_snapshots/locales/2017-02.csv.gz,materialized,145297.0,cp1252,;,pandas_default,142664.0,2633.0,2633.0,,
2017-03,actividades,True,complete,ed50_utm30,/Users/alejandrotreny/Library/Mobile Documents/com~apple~CloudDocs/Github/Localizate/data/intermediate/censo_snapshots/actividades/2017-03.csv.gz,materialized,160315.0,cp1252,;,pandas_default,,,,145441.0,435.0
2017-03,locales,True,complete,ed50_utm30,/Users/alejandrotreny/Library/Mobile Documents/com~apple~CloudDocs/Github/Localizate/data/intermediate/censo_snapshots/locales/2017-03.csv.gz,materialized,145441.0,cp1252,;,pandas_default,142732.0,2709.0,2709.0,,
2017-04,actividades,True,complete,ed50_utm30,/Users/alejandrotreny/Library/Mobile Documents/com~apple~CloudDocs/Github/Localizate/data/intermediate/censo_snapshots/actividades/2017-04.csv.gz,materialized,160425.0,cp1252,;,pandas_default,,,,145466.0,437.0
2017-04,locales,True,complete,ed50_utm30,/Users/alejandrotreny/Library/Mobile Documents/com~apple~CloudDocs/Github/Localizate/data/intermediate/censo_snapshots/locales/2017-04.csv.gz,materialized,145466.0,cp1252,;,pandas_default,142753.0,2713.0,2713.0,,
2017-05,actividades,True,complete,ed50_utm30,/Users/alejandrotreny/Library/Mobile Documents/com~apple~CloudDocs/Github/Localizate/data/intermediate/censo_snapshots/actividades/2017-05.csv.gz,materialized,160434.0,cp1252,;,pandas_default,,,,145509.0,438.0
2017-05,locales,True,complete,ed50_utm30,/Users/alejandrotreny/Library/Mobile Documents/com~apple~CloudDocs/Github/Localizate/data/intermediate/censo_snapshots/locales/2017-05.csv.gz,materialized,145509.0,cp1252,;,pandas_default,142783.0,2726.0,2726.0,,
2017-06,actividades,True,complete,ed50_utm30,/Users/alejandrotreny/Library/Mobile Documents/com~apple~CloudDocs/Github/Localizate/data/intermediate/censo_snapshots/actividades/2017-06.csv.gz,materialized,160550.0,cp1252,;,pandas_default,,,,145569.0,438.0
2017-06,locales,True,complete,ed50_utm30,/Users/alejandrotreny/Library/Mobile Documents/com~apple~CloudDocs/Github/Localizate/data/intermediate/censo_snapshots/locales/2017-06.csv.gz,materialized,145569.0,cp1252,;,pandas_default,142803.0,2766.0,2766.0,,
2017-07,actividades,True,complete,ed50_utm30,/Users/alejandrotreny/Library/Mobile Documents/com~apple~CloudDocs/Github/Localizate/data/intermediate/censo_snapshots/actividades/2017-07.csv.gz,materialized,160690.0,cp1252,;,pandas_default,,,,145623.0,436.0
2017-07,locales,True,complete,ed50_utm30,/Users/alejandrotreny/Library/Mobile Documents/com~apple~CloudDocs/Github/Localizate/data/intermediate/censo_snapshots/locales/2017-07.csv.gz,materialized,145623.0,cp1252,;,pandas_default,142821.0,2802.0,2802.0,,
2017-08,actividades,True,complete,ed50_utm30,/Users/alejandrotreny/Library/Mobile Documents/com~apple~CloudDocs/Github/Localizate/data/intermediate/censo_snapshots/actividades/2017-08.csv.gz,materialized,160764.0,cp1252,;,pandas_default,,,,145651.0,436.0
2017-08,locales,True,complete,ed50_utm30,/Users/alejandrotreny/Library/Mobile Documents/com~apple~CloudDocs/Github/Localizate/data/intermediate/censo_snapshots/locales/2017-08.csv.gz,materialized,145651.0,utf-8,;,last_column_overflow_fix,142839.0,2812.0,2812.0,,
2017-09,actividades,True,complete,transition_2017_09,/Users/alejandrotreny/Library/Mobile Documents/com~apple~CloudDocs/Github/Localizate/data/intermediate/censo_snapshots/actividades/2017-09.csv.gz,materialized,160880.0,cp1252,;,pandas_default,,,,145723.0,436.0
2017-09,locales,True,complete,transition_2017_09,/Users/alejandrotreny/Library/Mobile Documents/com~apple~CloudDocs/Github/Localizate/data/intermediate/censo_snapshots/locales/2017-09.csv.gz,materialized,145723.0,utf-8,;,last_column_overflow_fix,142878.0,2845.0,2845.0,,
2017-10,actividades,True,complete,etrs89_utm30,/Users/alejandrotreny/Library/Mobile Documents/com~apple~CloudDocs/Github/Localizate/data/intermediate/censo_snapshots/actividades/2017-10.csv.gz,materialized,161057.0,cp1252,;,pandas_default,,,,145779.0,434.0
2017-10,locales,True,complete,etrs89_utm30,/Users/alejandrotreny/Library/Mobile Documents/com~apple~CloudDocs/Github/Localizate/data/intermediate/censo_snapshots/locales/2017-10.csv.gz,materialized,145779.0,utf-8,;,last_column_overflow_fix,142901.0,2878.0,2878.0,,
2017-11,actividades,True,complete,etrs89_utm30,/Users/alejandrotreny/Library/Mobile Documents/com~apple~CloudDocs/Github/Localizate/data/intermediate/censo_snapshots/actividades/2017-11.csv.gz,materialized,161097.0,cp1252,;,pandas_default,,,,145752.0,435.0
2017-11,locales,True,complete,etrs89_utm30,/Users/alejandrotreny/Library/Mobile Documents/com~apple~CloudDocs/Github/Localizate/data/intermediate/censo_snapshots/locales/2017-11.csv.gz,materialized,145752.0,utf-8,;,last_column_overflow_fix,142843.0,2909.0,2909.0,,
2017-12,actividades,False,missing_actividades,etrs89_utm30,/Users/alejandrotreny/Library/Mobile Documents/com~apple~CloudDocs/Github/Localizate/data/intermediate/censo_snapshots/actividades/2017-12.csv.gz,missing_in_manifest,,,,,,,,,
2017-12,locales,True,missing_actividades,etrs89_utm30,/Users/alejandrotreny/Library/Mobile Documents/com~apple~CloudDocs/Github/Localizate/data/intermediate/censo_snapshots/locales/2017-12.csv.gz,materialized,145801.0,utf-8,;,last_column_overflow_fix,142871.0,2930.0,2930.0,,
2018-01,actividades,True,complete,etrs89_utm30,/Users/alejandrotreny/Library/Mobile Documents/com~apple~CloudDocs/Github/Localizate/data/intermediate/censo_snapshots/actividades/2018-01.csv.gz,materialized,161414.0,cp1252,;,pandas_default,,,,145941.0,439.0
2018-01,locales,True,complete,etrs89_utm30,/Users/alejandrotreny/Library/Mobile Documents/com~apple~CloudDocs/Github/Localizate/data/intermediate/censo_snapshots/locales/2018-01.csv.gz,materialized,145941.0,utf-8,;,last_column_overflow_fix,142961.0,2980.0,2980.0,,
2018-02,actividades,True,complete,etrs89_utm30,/Users/alejandrotreny/Library/Mobile Documents/com~apple~CloudDocs/Github/Localizate/data/intermediate/censo_snapshots/actividades/2018-02.csv.gz,materialized,161874.0,cp1252,;,pandas_default,,,,146289.0,439.0
2018-02,locales,True,complete,etrs89_utm30,/Users/alejandrotreny/Library/Mobile Documents/com~apple~CloudDocs/Github/Localizate/data/intermediate/censo_snapshots/locales/2018-02.csv.gz,materialized,146289.0,utf-8,;,last_column_overflow_fix,143147.0,3142.0,3142.0,,
2018-03,actividades,True,complete,etrs89_utm30,/Users/alejandrotreny/Library/Mobile Documents/com~apple~CloudDocs/Github/Localizate/data/intermediate/censo_snapshots/actividades/2018-03.csv.gz,materialized,161951.0,cp1252,;,pandas_default,,,,146273.0,439.0
2018-03,locales,True,complete,etrs89_utm30,/Users/alejandrotreny/Library/Mobile Documents/com~apple~CloudDocs/Github/Localizate/data/intermediate/censo_snapshots/locales/2018-03.csv.gz,materialized,146273.0,cp1252,;,pandas_default,143107.0,3166.0,3166.0,,
2018-04,actividades,True,complete,etrs89_utm30,/Users/alejandrotreny/Library/Mobile Documents/com~apple~CloudDocs/Github/Localizate/data/intermediate/censo_snapshots/actividades/2018-04.csv.gz,materialized,162061.0,cp1252,;,pandas_default,,,,146316.0,439.0
2018-04,locales,True,complete,etrs89_utm30,/Users/alejandrotreny/Library/Mobile Documents/com~apple~CloudDocs/Github/Localizate/data/intermediate/censo_snapshots/locales/2018-04.csv.gz,materialized,146316.0,utf-8,;,last_column_overflow_fix,143117.0,3199.0,3199.0,,
2018-05,actividades,True,complete,etrs89_utm30,/Users/alejandrotreny/Library/Mobile Documents/com~apple~CloudDocs/Github/Localizate/data/intermediate/censo_snapshots/actividades/2018-05.csv.gz,materialized,162133.0,cp1252,;,pandas_default,,,,146412.0,440.0
2018-05,locales,True,complete,etrs89_utm30,/Users/alejandrotreny/Library/Mobile Documents/com~apple~CloudDocs/Github/Localizate/data/intermediate/censo_snapshots/locales/2018-05.csv.gz,materialized,146412.0,utf-8,;,last_column_overflow_fix,143094.0,3318.0,3318.0,,
2018-06,actividades,True,complete,etrs89_utm30,/Users/alejandrotreny/Library/Mobile Documents/com~apple~CloudDocs/Github/Localizate/data/intermediate/censo_snapshots/actividades/2018-06.csv.gz,materialized,162168.0,cp1252,;,pandas_default,,,,146457.0,440.0
2018-06,locales,True,complete,etrs89_utm30,/Users/alejandrotreny/Library/Mobile Documents/com~apple~CloudDocs/Github/Localizate/data/intermediate/censo_snapshots/locales/2018-06.csv.gz,materialized,146458.0,utf-8,;,last_column_overflow_fix,143050.0,3408.0,3408.0,,
2018-07,actividades,True,complete,etrs89_utm30,/Users/alejandrotreny/Library/Mobile Documents/com~apple~CloudDocs/Github/Localizate/data/intermediate/censo_snapshots/actividades/2018-07.csv.gz,materialized,162283.0,cp1252,;,pandas_default,,,,146569.0,440.0
2018-07,locales,True,complete,etrs89_utm30,/Users/alejandrotreny/Library/Mobile Documents/com~apple~CloudDocs/Github/Localizate/data/intermediate/censo_snapshots/locales/2018-07.csv.gz,materialized,146570.0,utf-8,;,last_column_overflow_fix,143136.0,3434.0,3434.0,,
2018-08,actividades,True,complete,etrs89_utm30,/Users/alejandrotreny/Library/Mobile Documents/com~apple~CloudDocs/Github/Localizate/data/intermediate/censo_snapshots/actividades/2018-08.csv.gz,materialized,162343.0,cp1252,;,pandas_default,,,,146594.0,439.0
2018-08,locales,True,complete,etrs89_utm30,/Users/alejandrotreny/Library/Mobile Documents/com~apple~CloudDocs/Github/Localizate/data/intermediate/censo_snapshots/locales/2018-08.csv.gz,materialized,146596.0,utf-8,;,last_column_overflow_fix,143142.0,3454.0,3454.0,,
2018-09,actividades,True,complete,etrs89_utm30,/Users/alejandrotreny/Library/Mobile Documents/com~apple~CloudDocs/Github/Localizate/data/intermediate/censo_snapshots/actividades/2018-09.csv.gz,materialized,162467.0,cp1252,;,pandas_default,,,,146607.0,439.0
2018-09,locales,True,complete,etrs89_utm30,/Users/alejandrotreny/Library/Mobile Documents/com~apple~CloudDocs/Github/Localizate/data/intermediate/censo_snapshots/locales/2018-09.csv.gz,materialized,146609.0,utf-8,;,last_column_overflow_fix,143141.0,3468.0,3468.0,,
2018-10,actividades,True,complete,etrs89_utm30,/Users/alejandrotreny/Library/Mobile Documents/com~apple~CloudDocs/Github/Localizate/data/intermediate/censo_snapshots/actividades/2018-10.csv.gz,materialized,162532.0,cp1252,;,pandas_default,,,,146660.0,439.0
2018-10,locales,True,complete,etrs89_utm30,/Users/alejandrotreny/Library/Mobile Documents/com~apple~CloudDocs/Github/Localizate/data/intermediate/censo_snapshots/locales/2018-10.csv.gz,materialized,146663.0,utf-8,;,last_column_overflow_fix,143156.0,3507.0,3507.0,,
2018-11,actividades,True,complete,etrs89_utm30,/Users/alejandrotreny/Library/Mobile Documents/com~apple~CloudDocs/Github/Localizate/data/intermediate/censo_snapshots/actividades/2018-11.csv.gz,materialized,162336.0,cp1252,;,pandas_default,,,,146690.0,439.0
2018-11,locales,True,complete,etrs89_utm30,/Users/alejandrotreny/Library/Mobile Documents/com~apple~CloudDocs/Github/Localizate/data/intermediate/censo_snapshots/locales/2018-11.csv.gz,materialized,146694.0,utf-8,;,last_column_overflow_fix,143163.0,3531.0,3531.0,,
2018-12,actividades,True,complete,etrs89_utm30,/Users/alejandrotreny/Library/Mobile Documents/com~apple~CloudDocs/Github/Localizate/data/intermediate/censo_snapshots/actividades/2018-12.csv.gz,materialized,162447.0,cp1252,;,pandas_default,,,,146716.0,440.0
2018-12,locales,True,complete,etrs89_utm30,/Users/alejandrotreny/Library/Mobile Documents/com~apple~CloudDocs/Github/Localizate/data/intermediate/censo_snapshots/locales/2018-12.csv.gz,materialized,146722.0,utf-8,;,last_column_overflow_fix,143169.0,3553.0,3553.0,,
2019-01,actividades,True,complete,etrs89_utm30,/Users/alejandrotreny/Library/Mobile Documents/com~apple~CloudDocs/Github/Localizate/data/intermediate/censo_snapshots/actividades/2019-01.csv.gz,materialized,162667.0,cp1252,;,pandas_default,,,,146884.0,442.0
2019-01,locales,True,complete,etrs89_utm30,/Users/alejandrotreny/Library/Mobile Documents/com~apple~CloudDocs/Github/Localizate/data/intermediate/censo_snapshots/locales/2019-01.csv.gz,materialized,146890.0,utf-8,;,last_column_overflow_fix,143288.0,3602.0,3602.0,,
2019-02,actividades,True,complete,etrs89_utm30,/Users/alejandrotreny/Library/Mobile Documents/com~apple~CloudDocs/Github/Localizate/data/intermediate/censo_snapshots/actividades/2019-02.csv.gz,materialized,162747.0,cp1252,;,pandas_default,,,,146943.0,441.0
2019-02,locales,True,complete,etrs89_utm30,/Users/alejandrotreny/Library/Mobile Documents/com~apple~CloudDocs/Github/Localizate/data/intermediate/censo_snapshots/locales/2019-02.csv.gz,materialized,146948.0,utf-8,;,last_column_overflow_fix,143312.0,3636.0,3636.0,,
2019-03,actividades,True,complete,etrs89_utm30,/Users/alejandrotreny/Library/Mobile Documents/com~apple~CloudDocs/Github/Localizate/data/intermediate/censo_snapshots/actividades/2019-03.csv.gz,materialized,162851.0,cp1252,;,pandas_default,,,,147000.0,442.0
2019-03,locales,True,complete,etrs89_utm30,/Users/alejandrotreny/Library/Mobile Documents/com~apple~CloudDocs/Github/Localizate/data/intermediate/censo_snapshots/locales/2019-03.csv.gz,materialized,147005.0,utf-8,;,last_column_overflow_fix,143348.0,3657.0,3657.0,,
2019-04,actividades,True,complete,etrs89_utm30,/Users/alejandrotreny/Library/Mobile Documents/com~apple~CloudDocs/Github/Localizate/data/intermediate/censo_snapshots/actividades/2019-04.csv.gz,materialized,162976.0,cp1252,;,pandas_default,,,,147032.0,442.0
2019-04,locales,True,complete,etrs89_utm30,/Users/alejandrotreny/Library/Mobile Documents/com~apple~CloudDocs/Github/Localizate/data/intermediate/censo_snapshots/locales/2019-04.csv.gz,materialized,147037.0,utf-8,;,last_column_overflow_fix,143366.0,3671.0,3671.0,,
2019-05,actividades,True,complete,etrs89_utm30,/Users/alejandrotreny/Library/Mobile Documents/com~apple~CloudDocs/Github/Localizate/data/intermediate/censo_snapshots/actividades/2019-05.csv.gz,materialized,163061.0,cp1252,;,pandas_default,,,,147104.0,443.0
2019-05,locales,True,complete,etrs89_utm30,/Users/alejandrotreny/Library/Mobile Documents/com~apple~CloudDocs/Github/Localizate/data/intermediate/censo_snapshots/locales/2019-05.csv.gz,materialized,147109.0,utf-8,;,last_column_overflow_fix,143407.0,3702.0,3702.0,,
2019-06,actividades,True,complete,etrs89_utm30,/Users/alejandrotreny/Library/Mobile Documents/com~apple~CloudDocs/Github/Localizate/data/intermediate/censo_snapshots/actividades/2019-06.csv.gz,materialized,163112.0,cp1252,;,pandas_default,,,,147147.0,444.0
2019-06,locales,True,complete,etrs89_utm30,/Users/alejandrotreny/Library/Mobile Documents/com~apple~CloudDocs/Github/Localizate/data/intermediate/censo_snapshots/locales/2019-06.csv.gz,materialized,147151.0,utf-8,;,last_column_overflow_fix,143425.0,3726.0,3726.0,,
2019-07,actividades,True,complete,etrs89_utm30,/Users/alejandrotreny/Library/Mobile Documents/com~apple~CloudDocs/Github/Localizate/data/intermediate/censo_snapshots/actividades/2019-07.csv.gz,materialized,163251.0,cp1252,;,pandas_default,,,,147289.0,444.0
2019-07,locales,True,complete,etrs89_utm30,/Users/alejandrotreny/Library/Mobile Documents/com~apple~CloudDocs/Github/Localizate/data/intermediate/censo_snapshots/locales/2019-07.csv.gz,materialized,147293.0,utf-8,;,last_column_overflow_fix,143536.0,3757.0,3757.0,,
2019-08,actividades,True,complete,etrs89_utm30,/Users/alejandrotreny/Library/Mobile Documents/com~apple~CloudDocs/Github/Localizate/data/intermediate/censo_snapshots/actividades/2019-08.csv.gz,materialized,163316.0,cp1252,;,pandas_default,,,,147317.0,444.0
2019-08,locales,True,complete,etrs89_utm30,/Users/alejandrotreny/Library/Mobile Documents/com~apple~CloudDocs/Github/Localizate/data/intermediate/censo_snapshots/locales/2019-08.csv.gz,materialized,147321.0,utf-8,;,last_column_overflow_fix,143559.0,3762.0,3762.0,,
2019-09,actividades,True,complete,etrs89_utm30,/Users/alejandrotreny/Library/Mobile Documents/com~apple~CloudDocs/Github/Localizate/data/intermediate/censo_snapshots/actividades/2019-09.csv.gz,materialized,163355.0,cp1252,;,pandas_default,,,,147344.0,444.0
2019-09,locales,True,complete,etrs89_utm30,/Users/alejandrotreny/Library/Mobile Documents/com~apple~CloudDocs/Github/Localizate/data/intermediate/censo_snapshots/locales/2019-09.csv.gz,materialized,147348.0,utf-8,;,last_column_overflow_fix,143572.0,3776.0,3776.0,,
2019-10,actividades,True,complete,etrs89_utm30,/Users/alejandrotreny/Library/Mobile Documents/com~apple~CloudDocs/Github/Localizate/data/intermediate/censo_snapshots/actividades/2019-10.csv.gz,materialized,163466.0,cp1252,;,pandas_default,,,,147421.0,444.0
2019-10,locales,True,complete,etrs89_utm30,/Users/alejandrotreny/Library/Mobile Documents/com~apple~CloudDocs/Github/Localizate/data/intermediate/censo_snapshots/locales/2019-10.csv.gz,materialized,147425.0,utf-8,;,last_column_overflow_fix,143625.0,3800.0,3800.0,,
2019-11,actividades,True,complete,etrs89_utm30,/Users/alejandrotreny/Library/Mobile Documents/com~apple~CloudDocs/Github/Localizate/data/intermediate/censo_snapshots/actividades/2019-11.csv.gz,materialized,163614.0,cp1252,;,pandas_default,,,,147529.0,443.0
2019-11,locales,True,complete,etrs89_utm30,/Users/alejandrotreny/Library/Mobile Documents/com~apple~CloudDocs/Github/Localizate/data/intermediate/censo_snapshots/locales/2019-11.csv.gz,materialized,147533.0,utf-8,;,last_column_overflow_fix,143644.0,3889.0,3889.0,,
2019-12,actividades,True,complete,etrs89_utm30,/Users/alejandrotreny/Library/Mobile Documents/com~apple~CloudDocs/Github/Localizate/data/intermediate/censo_snapshots/actividades/2019-12.csv.gz,materialized,163617.0,cp1252,;,pandas_default,,,,147576.0,444.0
2019-12,locales,True,complete,etrs89_utm30,/Users/alejandrotreny/Library/Mobile Documents/com~apple~CloudDocs/Github/Localizate/data/intermediate/censo_snapshots/locales/2019-12.csv.gz,materialized,147580.0,utf-8,;,last_column_overflow_fix,143673.0,3907.0,3907.0,,
2020-01,actividades,True,complete,etrs89_utm30,/Users/alejandrotreny/Library/Mobile Documents/com~apple~CloudDocs/Github/Localizate/data/intermediate/censo_snapshots/actividades/2020-01.csv.gz,materialized,163665.0,cp1252,;,pandas_default,,,,147614.0,444.0
2020-01,locales,True,complete,etrs89_utm30,/Users/alejandrotreny/Library/Mobile Documents/com~apple~CloudDocs/Github/Localizate/data/intermediate/censo_snapshots/locales/2020-01.csv.gz,materialized,147618.0,utf-8,;,last_column_overflow_fix,143675.0,3943.0,3943.0,,
2020-02,actividades,True,complete,etrs89_utm30,/Users/alejandrotreny/Library/Mobile Documents/com~apple~CloudDocs/Github/Localizate/data/intermediate/censo_snapshots/actividades/2020-02.csv.gz,materialized,163716.0,cp1252,;,pandas_default,,,,147666.0,444.0
2020-02,locales,True,complete,etrs89_utm30,/Users/alejandrotreny/Library/Mobile Documents/com~apple~CloudDocs/Github/Localizate/data/intermediate/censo_snapshots/locales/2020-02.csv.gz,materialized,147670.0,utf-8,;,last_column_overflow_fix,143679.0,3991.0,3991.0,,
2020-03,actividades,True,complete,etrs89_utm30,/Users/alejandrotreny/Library/Mobile Documents/com~apple~CloudDocs/Github/Localizate/data/intermediate/censo_snapshots/actividades/2020-03.csv.gz,materialized,163748.0,cp1252,;,pandas_default,,,,147716.0,443.0
2020-03,locales,True,complete,etrs89_utm30,/Users/alejandrotreny/Library/Mobile Documents/com~apple~CloudDocs/Github/Localizate/data/intermediate/censo_snapshots/locales/2020-03.csv.gz,materialized,147720.0,utf-8,;,last_column_overflow_fix,143691.0,4029.0,4029.0,,
2020-04,actividades,True,complete,etrs89_utm30,/Users/alejandrotreny/Library/Mobile Documents/com~apple~CloudDocs/Github/Localizate/data/intermediate/censo_snapshots/actividades/2020-04.csv.gz,materialized,163780.0,cp1252,;,pandas_default,,,,147740.0,443.0
2020-04,locales,True,complete,etrs89_utm30,/Users/alejandrotreny/Library/Mobile Documents/com~apple~CloudDocs/Github/Localizate/data/intermediate/censo_snapshots/locales/2020-04.csv.gz,materialized,147744.0,utf-8,;,last_column_overflow_fix,143688.0,4056.0,4056.0,,
2020-05,actividades,True,complete,etrs89_utm30,/Users/alejandrotreny/Library/Mobile Documents/com~apple~CloudDocs/Github/Localizate/data/intermediate/censo_snapshots/actividades/2020-05.csv.gz,materialized,163911.0,cp1252,;,pandas_default,,,,147771.0,443.0
2020-05,locales,True,complete,etrs89_utm30,/Users/alejandrotreny/Library/Mobile Documents/com~apple~CloudDocs/Github/Localizate/data/intermediate/censo_snapshots/locales/2020-05.csv.gz,materialized,147775.0,utf-8,;,last_column_overflow_fix,143690.0,4085.0,4085.0,,
2020-06,actividades,True,complete,etrs89_utm30,/Users/alejandrotreny/Library/Mobile Documents/com~apple~CloudDocs/Github/Localizate/data/intermediate/censo_snapshots/actividades/2020-06.csv.gz,materialized,164066.0,cp1252,;,pandas_default,,,,147819.0,443.0
2020-06,locales,True,complete,etrs89_utm30,/Users/alejandrotreny/Library/Mobile Documents/com~apple~CloudDocs/Github/Localizate/data/intermediate/censo_snapshots/locales/2020-06.csv.gz,materialized,147822.0,utf-8,;,last_column_overflow_fix,143521.0,4301.0,4301.0,,
2020-07,actividades,True,complete,etrs89_utm30,/Users/alejandrotreny/Library/Mobile Documents/com~apple~CloudDocs/Github/Localizate/data/intermediate/censo_snapshots/actividades/2020-07.csv.gz,materialized,164175.0,cp1252,;,pandas_default,,,,147861.0,444.0
2020-07,locales,True,complete,etrs89_utm30,/Users/alejandrotreny/Library/Mobile Documents/com~apple~CloudDocs/Github/Localizate/data/intermediate/censo_snapshots/locales/2020-07.csv.gz,materialized,147864.0,utf-8,;,last_column_overflow_fix,143539.0,4325.0,4325.0,,
2020-08,actividades,True,complete,etrs89_utm30,/Users/alejandrotreny/Library/Mobile Documents/com~apple~CloudDocs/Github/Localizate/data/intermediate/censo_snapshots/actividades/2020-08.csv.gz,materialized,164204.0,cp1252,;,pandas_default,,,,147895.0,444.0
2020-08,locales,True,complete,etrs89_utm30,/Users/alejandrotreny/Library/Mobile Documents/com~apple~CloudDocs/Github/Localizate/data/intermediate/censo_snapshots/locales/2020-08.csv.gz,materialized,147898.0,utf-8,;,last_column_overflow_fix,143551.0,4347.0,4347.0,,
2020-09,actividades,True,complete,etrs89_utm30,/Users/alejandrotreny/Library/Mobile Documents/com~apple~CloudDocs/Github/Localizate/data/intermediate/censo_snapshots/actividades/2020-09.csv.gz,materialized,164272.0,cp1252,;,pandas_default,,,,147928.0,443.0
2020-09,locales,True,complete,etrs89_utm30,/Users/alejandrotreny/Library/Mobile Documents/com~apple~CloudDocs/Github/Localizate/data/intermediate/censo_snapshots/locales/2020-09.csv.gz,materialized,147930.0,utf-8,;,last_column_overflow_fix,143462.0,4468.0,4468.0,,
2020-10,actividades,True,complete,etrs89_utm30,/Users/alejandrotreny/Library/Mobile Documents/com~apple~CloudDocs/Github/Localizate/data/intermediate/censo_snapshots/actividades/2020-10.csv.gz,materialized,164443.0,cp1252,;,pandas_default,,,,147977.0,443.0
2020-10,locales,True,complete,etrs89_utm30,/Users/alejandrotreny/Library/Mobile Documents/com~apple~CloudDocs/Github/Localizate/data/intermediate/censo_snapshots/locales/2020-10.csv.gz,materialized,147979.0,utf-8,;,last_column_overflow_fix,143449.0,4530.0,4530.0,,
2020-11,actividades,True,complete,etrs89_utm30,/Users/alejandrotreny/Library/Mobile Documents/com~apple~CloudDocs/Github/Localizate/data/intermediate/censo_snapshots/actividades/2020-11.csv.gz,materialized,164555.0,cp1252,;,pandas_default,,,,148000.0,443.0
2020-11,locales,True,complete,etrs89_utm30,/Users/alejandrotreny/Library/Mobile Documents/com~apple~CloudDocs/Github/Localizate/data/intermediate/censo_snapshots/locales/2020-11.csv.gz,materialized,148003.0,utf-8,;,last_column_overflow_fix,143433.0,4570.0,4570.0,,
2020-12,actividades,True,complete,etrs89_utm30,/Users/alejandrotreny/Library/Mobile Documents/com~apple~CloudDocs/Github/Localizate/data/intermediate/censo_snapshots/actividades/2020-12.csv.gz,materialized,164591.0,cp1252,;,pandas_default,,,,148033.0,443.0
2020-12,locales,True,complete,etrs89_utm30,/Users/alejandrotreny/Library/Mobile Documents/com~apple~CloudDocs/Github/Localizate/data/intermediate/censo_snapshots/locales/2020-12.csv.gz,materialized,146518.0,utf-8,;,last_column_overflow_fix,143388.0,3130.0,3130.0,,
2021-01,actividades,True,complete,etrs89_utm30,/Users/alejandrotreny/Library/Mobile Documents/com~apple~CloudDocs/Github/Localizate/data/intermediate/censo_snapshots/actividades/2021-01.csv.gz,materialized,164679.0,cp1252,;,pandas_default,,,,148051.0,443.0
2021-01,locales,True,complete,etrs89_utm30,/Users/alejandrotreny/Library/Mobile Documents/com~apple~CloudDocs/Github/Localizate/data/intermediate/censo_snapshots/locales/2021-01.csv.gz,materialized,148054.0,utf-8,;,last_column_overflow_fix,143456.0,4598.0,4598.0,,
2021-02,actividades,True,complete,etrs89_utm30,/Users/alejandrotreny/Library/Mobile Documents/com~apple~CloudDocs/Github/Localizate/data/intermediate/censo_snapshots/actividades/2021-02.csv.gz,materialized,164784.0,cp1252,;,pandas_default,,,,148099.0,443.0
2021-02,locales,True,complete,etrs89_utm30,/Users/alejandrotreny/Library/Mobile Documents/com~apple~CloudDocs/Github/Localizate/data/intermediate/censo_snapshots/locales/2021-02.csv.gz,materialized,148102.0,utf-8,;,last_column_overflow_fix,143475.0,4627.0,4627.0,,
2021-03,actividades,True,complete,etrs89_utm30,/Users/alejandrotreny/Library/Mobile Documents/com~apple~CloudDocs/Github/Localizate/data/intermediate/censo_snapshots/actividades/2021-03.csv.gz,materialized,164950.0,cp1252,;,pandas_default,,,,148167.0,440.0
2021-03,locales,True,complete,etrs89_utm30,/Users/alejandrotreny/Library/Mobile Documents/com~apple~CloudDocs/Github/Localizate/data/intermediate/censo_snapshots/locales/2021-03.csv.gz,materialized,148168.0,cp1252,;,pandas_default,143442.0,4726.0,4726.0,,
2021-04,actividades,True,complete,etrs89_utm30,/Users/alejandrotreny/Library/Mobile Documents/com~apple~CloudDocs/Github/Localizate/data/intermediate/censo_snapshots/actividades/2021-04.csv.gz,materialized,165054.0,cp1252,;,pandas_default,,,,148215.0,440.0
2021-04,locales,True,complete,etrs89_utm30,/Users/alejandrotreny/Library/Mobile Documents/com~apple~CloudDocs/Github/Localizate/data/intermediate/censo_snapshots/locales/2021-04.csv.gz,materialized,148216.0,cp1252,;,pandas_default,143472.0,4744.0,4744.0,,
2021-05,actividades,True,complete,etrs89_utm30,/Users/alejandrotreny/Library/Mobile Documents/com~apple~CloudDocs/Github/Localizate/data/intermediate/censo_snapshots/actividades/2021-05.csv.gz,materialized,165161.0,cp1252,;,pandas_default,,,,148296.0,440.0
2021-05,locales,True,complete,etrs89_utm30,/Users/alejandrotreny/Library/Mobile Documents/com~apple~CloudDocs/Github/Localizate/data/intermediate/censo_snapshots/locales/2021-05.csv.gz,materialized,148297.0,cp1252,;,pandas_default,143516.0,4781.0,4781.0,,
2021-06,actividades,True,complete,etrs89_utm30,/Users/alejandrotreny/Library/Mobile Documents/com~apple~CloudDocs/Github/Localizate/data/intermediate/censo_snapshots/actividades/2021-06.csv.gz,materialized,165231.0,cp1252,;,pandas_default,,,,148360.0,439.0
2021-06,locales,True,complete,etrs89_utm30,/Users/alejandrotreny/Library/Mobile Documents/com~apple~CloudDocs/Github/Localizate/data/intermediate/censo_snapshots/locales/2021-06.csv.gz,materialized,148361.0,cp1252,;,pandas_default,143501.0,4860.0,4860.0,,
2021-07,actividades,True,complete,etrs89_utm30,/Users/alejandrotreny/Library/Mobile Documents/com~apple~CloudDocs/Github/Localizate/data/intermediate/censo_snapshots/actividades/2021-07.csv.gz,materialized,165400.0,cp1252,;,pandas_default,,,,148449.0,439.0
2021-07,locales,True,complete,etrs89_utm30,/Users/alejandrotreny/Library/Mobile Documents/com~apple~CloudDocs/Github/Localizate/data/intermediate/censo_snapshots/locales/2021-07.csv.gz,materialized,148451.0,cp1252,;,pandas_default,143560.0,4891.0,4891.0,,
2021-08,actividades,True,complete,etrs89_utm30,/Users/alejandrotreny/Library/Mobile Documents/com~apple~CloudDocs/Github/Localizate/data/intermediate/censo_snapshots/actividades/2021-08.csv.gz,materialized,165513.0,cp1252,;,pandas_default,,,,148533.0,439.0
2021-08,locales,True,complete,etrs89_utm30,/Users/alejandrotreny/Library/Mobile Documents/com~apple~CloudDocs/Github/Localizate/data/intermediate/censo_snapshots/locales/2021-08.csv.gz,materialized,148535.0,cp1252,;,pandas_default,143642.0,4893.0,4893.0,,
2021-09,actividades,True,complete,etrs89_utm30,/Users/alejandrotreny/Library/Mobile Documents/com~apple~CloudDocs/Github/Localizate/data/intermediate/censo_snapshots/actividades/2021-09.csv.gz,materialized,165591.0,cp1252,;,pandas_default,,,,148598.0,439.0
2021-09,locales,True,complete,etrs89_utm30,/Users/alejandrotreny/Library/Mobile Documents/com~apple~CloudDocs/Github/Localizate/data/intermediate/censo_snapshots/locales/2021-09.csv.gz,materialized,148600.0,cp1252,;,pandas_default,143629.0,4971.0,4971.0,,
2021-10,actividades,True,complete,etrs89_utm30,/Users/alejandrotreny/Library/Mobile Documents/com~apple~CloudDocs/Github/Localizate/data/intermediate/censo_snapshots/actividades/2021-10.csv.gz,materialized,166113.0,utf-8-sig,;,pandas_default,,,,148993.0,440.0
2021-10,locales,True,complete,etrs89_utm30,/Users/alejandrotreny/Library/Mobile Documents/com~apple~CloudDocs/Github/Localizate/data/intermediate/censo_snapshots/locales/2021-10.csv.gz,materialized,148995.0,utf-8-sig,;,pandas_default,143955.0,5040.0,5040.0,,
2021-11,actividades,True,complete,etrs89_utm30,/Users/alejandrotreny/Library/Mobile Documents/com~apple~CloudDocs/Github/Localizate/data/intermediate/censo_snapshots/actividades/2021-11.csv.gz,materialized,167300.0,utf-8-sig,;,pandas_default,,,,149877.0,442.0
2021-11,locales,True,complete,etrs89_utm30,/Users/alejandrotreny/Library/Mobile Documents/com~apple~CloudDocs/Github/Localizate/data/intermediate/censo_snapshots/locales/2021-11.csv.gz,materialized,149879.0,utf-8-sig,;,pandas_default,144660.0,5219.0,5219.0,,
2021-12,actividades,True,complete,etrs89_utm30,/Users/alejandrotreny/Library/Mobile Documents/com~apple~CloudDocs/Github/Localizate/data/intermediate/censo_snapshots/actividades/2021-12.csv.gz,materialized,167380.0,utf-8-sig,;,pandas_default,,,,149935.0,442.0
2021-12,locales,True,complete,etrs89_utm30,/Users/alejandrotreny/Library/Mobile Documents/com~apple~CloudDocs/Github/Localizate/data/intermediate/censo_snapshots/locales/2021-12.csv.gz,materialized,149937.0,utf-8-sig,;,pandas_default,144678.0,5259.0,5259.0,,
2022-01,actividades,True,complete,etrs89_utm30,/Users/alejandrotreny/Library/Mobile Documents/com~apple~CloudDocs/Github/Localizate/data/intermediate/censo_snapshots/actividades/2022-01.csv.gz,materialized,167490.0,utf-8-sig,;,pandas_default,,,,149977.0,442.0
2022-01,locales,True,complete,etrs89_utm30,/Users/alejandrotreny/Library/Mobile Documents/com~apple~CloudDocs/Github/Localizate/data/intermediate/censo_snapshots/locales/2022-01.csv.gz,materialized,149979.0,utf-8-sig,;,pandas_default,144707.0,5272.0,5272.0,,
2022-02,actividades,True,complete,etrs89_utm30,/Users/alejandrotreny/Library/Mobile Documents/com~apple~CloudDocs/Github/Localizate/data/intermediate/censo_snapshots/actividades/2022-02.csv.gz,materialized,167619.0,utf-8-sig,;,pandas_default,,,,150054.0,442.0
2022-02,locales,True,complete,etrs89_utm30,/Users/alejandrotreny/Library/Mobile Documents/com~apple~CloudDocs/Github/Localizate/data/intermediate/censo_snapshots/locales/2022-02.csv.gz,materialized,150056.0,utf-8-sig,;,pandas_default,144743.0,5313.0,5313.0,,
2022-03,actividades,True,complete,etrs89_utm30,/Users/alejandrotreny/Library/Mobile Documents/com~apple~CloudDocs/Github/Localizate/data/intermediate/censo_snapshots/actividades/2022-03.csv.gz,materialized,167683.0,cp1252,;,pandas_default,,,,150120.0,441.0
2022-03,locales,True,complete,etrs89_utm30,/Users/alejandrotreny/Library/Mobile Documents/com~apple~CloudDocs/Github/Localizate/data/intermediate/censo_snapshots/locales/2022-03.csv.gz,materialized,150122.0,cp1252,;,pandas_default,144724.0,5398.0,5398.0,,
2022-04,actividades,False,missing_actividades,etrs89_utm30,/Users/alejandrotreny/Library/Mobile Documents/com~apple~CloudDocs/Github/Localizate/data/intermediate/censo_snapshots/actividades/2022-04.csv.gz,missing_in_manifest,,,,,,,,,
2022-04,locales,True,missing_actividades,etrs89_utm30,/Users/alejandrotreny/Library/Mobile Documents/com~apple~CloudDocs/Github/Localizate/data/intermediate/censo_snapshots/locales/2022-04.csv.gz,materialized,150181.0,cp1252,;,pandas_default,144705.0,5476.0,5476.0,,
2022-05,actividades,True,complete,etrs89_utm30,/Users/alejandrotreny/Library/Mobile Documents/com~apple~CloudDocs/Github/Localizate/data/intermediate/censo_snapshots/actividades/2022-05.csv.gz,materialized,167926.0,cp1252,;,pandas_default,,,,150243.0,441.0
2022-05,locales,True,complete,etrs89_utm30,/Users/alejandrotreny/Library/Mobile Documents/com~apple~CloudDocs/Github/Localizate/data/intermediate/censo_snapshots/locales/2022-05.csv.gz,materialized,150245.0,cp1252,;,pandas_default,144754.0,5491.0,5491.0,,
2022-06,actividades,True,complete,etrs89_utm30,/Users/alejandrotreny/Library/Mobile Documents/com~apple~CloudDocs/Github/Localizate/data/intermediate/censo_snapshots/actividades/2022-06.csv.gz,materialized,168061.0,cp1252,;,pandas_default,,,,150324.0,442.0
2022-06,locales,True,complete,etrs89_utm30,/Users/alejandrotreny/Library/Mobile Documents/com~apple~CloudDocs/Github/Localizate/data/intermediate/censo_snapshots/locales/2022-06.csv.gz,materialized,150326.0,cp1252,;,pandas_default,144783.0,5543.0,5543.0,,
2022-07,actividades,True,complete,etrs89_utm30,/Users/alejandrotreny/Library/Mobile Documents/com~apple~CloudDocs/Github/Localizate/data/intermediate/censo_snapshots/actividades/2022-07.csv.gz,materialized,168112.0,cp1252,;,pandas_default,,,,150373.0,442.0
2022-07,locales,True,complete,etrs89_utm30,/Users/alejandrotreny/Library/Mobile Documents/com~apple~CloudDocs/Github/Localizate/data/intermediate/censo_snapshots/locales/2022-07.csv.gz,materialized,150375.0,cp1252,;,pandas_default,144809.0,5566.0,5566.0,,
2022-08,actividades,True,complete,etrs89_utm30,/Users/alejandrotreny/Library/Mobile Documents/com~apple~CloudDocs/Github/Localizate/data/intermediate/censo_snapshots/actividades/2022-08.csv.gz,materialized,168199.0,cp1252,;,pandas_default,,,,150409.0,442.0
2022-08,locales,True,complete,etrs89_utm30,/Users/alejandrotreny/Library/Mobile Documents/com~apple~CloudDocs/Github/Localizate/data/intermediate/censo_snapshots/locales/2022-08.csv.gz,materialized,150411.0,cp1252,;,pandas_default,144827.0,5584.0,5584.0,,
2022-09,actividades,True,complete,etrs89_utm30,/Users/alejandrotreny/Library/Mobile Documents/com~apple~CloudDocs/Github/Localizate/data/intermediate/censo_snapshots/actividades/2022-09.csv.gz,materialized,168280.0,cp1252,;,pandas_default,,,,150432.0,441.0
2022-09,locales,True,complete,etrs89_utm30,/Users/alejandrotreny/Library/Mobile Documents/com~apple~CloudDocs/Github/Localizate/data/intermediate/censo_snapshots/locales/2022-09.csv.gz,materialized,150434.0,cp1252,;,pandas_default,144814.0,5620.0,5620.0,,
2022-10,actividades,True,complete,etrs89_utm30,/Users/alejandrotreny/Library/Mobile Documents/com~apple~CloudDocs/Github/Localizate/data/intermediate/censo_snapshots/actividades/2022-10.csv.gz,materialized,168280.0,utf-8-sig,;,pandas_default,,,,150432.0,442.0
2022-10,locales,True,complete,etrs89_utm30,/Users/alejandrotreny/Library/Mobile Documents/com~apple~CloudDocs/Github/Localizate/data/intermediate/censo_snapshots/locales/2022-10.csv.gz,materialized,150434.0,utf-8-sig,;,pandas_default,144814.0,5620.0,5620.0,,
2022-11,actividades,True,complete,etrs89_utm30,/Users/alejandrotreny/Library/Mobile Documents/com~apple~CloudDocs/Github/Localizate/data/intermediate/censo_snapshots/actividades/2022-11.csv.gz,materialized,168338.0,utf-8-sig,;,pandas_default,,,,150476.0,442.0
2022-11,locales,True,complete,etrs89_utm30,/Users/alejandrotreny/Library/Mobile Documents/com~apple~CloudDocs/Github/Localizate/data/intermediate/censo_snapshots/locales/2022-11.csv.gz,materialized,150478.0,utf-8-sig,;,pandas_default,144837.0,5641.0,5641.0,,
2022-12,actividades,True,complete,etrs89_utm30,/Users/alejandrotreny/Library/Mobile Documents/com~apple~CloudDocs/Github/Localizate/data/intermediate/censo_snapshots/actividades/2022-12.csv.gz,materialized,168482.0,utf-8-sig,;,pandas_default,,,,150522.0,442.0
2022-12,locales,True,complete,etrs89_utm30,/Users/alejandrotreny/Library/Mobile Documents/com~apple~CloudDocs/Github/Localizate/data/intermediate/censo_snapshots/locales/2022-12.csv.gz,materialized,150524.0,utf-8-sig,;,pandas_default,144868.0,5656.0,5656.0,,
2023-01,actividades,True,complete,etrs89_utm30,/Users/alejandrotreny/Library/Mobile Documents/com~apple~CloudDocs/Github/Localizate/data/intermediate/censo_snapshots/actividades/2023-01.csv.gz,materialized,168547.0,utf-8-sig,;,pandas_default,,,,150552.0,441.0
2023-01,locales,True,complete,etrs89_utm30,/Users/alejandrotreny/Library/Mobile Documents/com~apple~CloudDocs/Github/Localizate/data/intermediate/censo_snapshots/locales/2023-01.csv.gz,materialized,150554.0,utf-8-sig,;,pandas_default,144892.0,5662.0,5662.0,,
2023-02,actividades,True,complete,etrs89_utm30,/Users/alejandrotreny/Library/Mobile Documents/com~apple~CloudDocs/Github/Localizate/data/intermediate/censo_snapshots/actividades/2023-02.csv.gz,materialized,168620.0,utf-8-sig,;,pandas_default,,,,150596.0,441.0
2023-02,locales,True,complete,etrs89_utm30,/Users/alejandrotreny/Library/Mobile Documents/com~apple~CloudDocs/Github/Localizate/data/intermediate/censo_snapshots/locales/2023-02.csv.gz,materialized,150598.0,utf-8-sig,;,pandas_default,144919.0,5679.0,5679.0,,
2023-03,actividades,True,complete,etrs89_utm30,/Users/alejandrotreny/Library/Mobile Documents/com~apple~CloudDocs/Github/Localizate/data/intermediate/censo_snapshots/actividades/2023-03.csv.gz,materialized,168649.0,utf-8-sig,;,pandas_default,,,,150636.0,440.0
2023-03,locales,True,complete,etrs89_utm30,/Users/alejandrotreny/Library/Mobile Documents/com~apple~CloudDocs/Github/Localizate/data/intermediate/censo_snapshots/locales/2023-03.csv.gz,materialized,150638.0,utf-8-sig,;,pandas_default,144940.0,5698.0,5698.0,,
2023-04,actividades,True,complete,etrs89_utm30,/Users/alejandrotreny/Library/Mobile Documents/com~apple~CloudDocs/Github/Localizate/data/intermediate/censo_snapshots/actividades/2023-04.csv.gz,materialized,168820.0,utf-8-sig,;,pandas_default,,,,150731.0,440.0
2023-04,locales,True,complete,etrs89_utm30,/Users/alejandrotreny/Library/Mobile Documents/com~apple~CloudDocs/Github/Localizate/data/intermediate/censo_snapshots/locales/2023-04.csv.gz,materialized,150733.0,utf-8-sig,;,pandas_default,144979.0,5754.0,5754.0,,
2023-05,actividades,True,complete,etrs89_utm30,/Users/alejandrotreny/Library/Mobile Documents/com~apple~CloudDocs/Github/Localizate/data/intermediate/censo_snapshots/actividades/2023-05.csv.gz,materialized,168943.0,utf-8-sig,;,pandas_default,,,,150799.0,439.0
2023-05,locales,True,complete,etrs89_utm30,/Users/alejandrotreny/Library/Mobile Documents/com~apple~CloudDocs/Github/Localizate/data/intermediate/censo_snapshots/locales/2023-05.csv.gz,materialized,150801.0,utf-8-sig,;,pandas_default,145016.0,5785.0,5785.0,,
2023-06,actividades,True,complete,etrs89_utm30,/Users/alejandrotreny/Library/Mobile Documents/com~apple~CloudDocs/Github/Localizate/data/intermediate/censo_snapshots/actividades/2023-06.csv.gz,materialized,169101.0,utf-8-sig,;,pandas_default,,,,150870.0,439.0
2023-06,locales,True,complete,etrs89_utm30,/Users/alejandrotreny/Library/Mobile Documents/com~apple~CloudDocs/Github/Localizate/data/intermediate/censo_snapshots/locales/2023-06.csv.gz,materialized,150872.0,utf-8-sig,;,pandas_default,145043.0,5829.0,5829.0,,
2023-07,actividades,True,complete,etrs89_utm30,/Users/alejandrotreny/Library/Mobile Documents/com~apple~CloudDocs/Github/Localizate/data/intermediate/censo_snapshots/actividades/2023-07.csv.gz,materialized,169232.0,utf-8-sig,;,pandas_default,,,,150953.0,439.0
2023-07,locales,True,complete,etrs89_utm30,/Users/alejandrotreny/Library/Mobile Documents/com~apple~CloudDocs/Github/Localizate/data/intermediate/censo_snapshots/locales/2023-07.csv.gz,materialized,150955.0,utf-8-sig,;,pandas_default,142089.0,8866.0,8866.0,,
2023-08,actividades,True,complete,etrs89_utm30,/Users/alejandrotreny/Library/Mobile Documents/com~apple~CloudDocs/Github/Localizate/data/intermediate/censo_snapshots/actividades/2023-08.csv.gz,materialized,169337.0,utf-8-sig,;,pandas_default,,,,150997.0,439.0
2023-08,locales,True,complete,etrs89_utm30,/Users/alejandrotreny/Library/Mobile Documents/com~apple~CloudDocs/Github/Localizate/data/intermediate/censo_snapshots/locales/2023-08.csv.gz,materialized,150999.0,utf-8-sig,;,pandas_default,142823.0,8176.0,8176.0,,
2023-09,actividades,True,complete,etrs89_utm30,/Users/alejandrotreny/Library/Mobile Documents/com~apple~CloudDocs/Github/Localizate/data/intermediate/censo_snapshots/actividades/2023-09.csv.gz,materialized,169444.0,utf-8-sig,;,pandas_default,,,,151042.0,439.0
2023-09,locales,True,complete,etrs89_utm30,/Users/alejandrotreny/Library/Mobile Documents/com~apple~CloudDocs/Github/Localizate/data/intermediate/censo_snapshots/locales/2023-09.csv.gz,materialized,151044.0,utf-8-sig,;,pandas_default,142844.0,8200.0,8200.0,,
2023-10,actividades,True,complete,etrs89_utm30,/Users/alejandrotreny/Library/Mobile Documents/com~apple~CloudDocs/Github/Localizate/data/intermediate/censo_snapshots/actividades/2023-10.csv.gz,materialized,169519.0,utf-8-sig,;,pandas_default,,,,151077.0,439.0
2023-10,locales,True,complete,etrs89_utm30,/Users/alejandrotreny/Library/Mobile Documents/com~apple~CloudDocs/Github/Localizate/data/intermediate/censo_snapshots/locales/2023-10.csv.gz,materialized,151079.0,utf-8-sig,;,pandas_default,142825.0,8254.0,8254.0,,
2023-11,actividades,True,complete,etrs89_utm30,/Users/alejandrotreny/Library/Mobile Documents/com~apple~CloudDocs/Github/Localizate/data/intermediate/censo_snapshots/actividades/2023-11.csv.gz,materialized,169521.0,utf-8-sig,;,pandas_default,,,,151113.0,439.0
2023-11,locales,True,complete,etrs89_utm30,/Users/alejandrotreny/Library/Mobile Documents/com~apple~CloudDocs/Github/Localizate/data/intermediate/censo_snapshots/locales/2023-11.csv.gz,materialized,151114.0,utf-8-sig,;,pandas_default,142843.0,8271.0,8271.0,,
2023-12,actividades,True,complete,etrs89_utm30,/Users/alejandrotreny/Library/Mobile Documents/com~apple~CloudDocs/Github/Localizate/data/intermediate/censo_snapshots/actividades/2023-12.csv.gz,materialized,169559.0,utf-8-sig,;,pandas_default,,,,151161.0,439.0
2023-12,locales,True,complete,etrs89_utm30,/Users/alejandrotreny/Library/Mobile Documents/com~apple~CloudDocs/Github/Localizate/data/intermediate/censo_snapshots/locales/2023-12.csv.gz,materialized,151162.0,utf-8-sig,;,pandas_default,142871.0,8291.0,8291.0,,
2024-01,actividades,True,complete,etrs89_utm30,/Users/alejandrotreny/Library/Mobile Documents/com~apple~CloudDocs/Github/Localizate/data/intermediate/censo_snapshots/actividades/2024-01.csv.gz,materialized,169636.0,utf-8-sig,;,pandas_default,,,,151190.0,439.0
2024-01,locales,True,complete,etrs89_utm30,/Users/alejandrotreny/Library/Mobile Documents/com~apple~CloudDocs/Github/Localizate/data/intermediate/censo_snapshots/locales/2024-01.csv.gz,materialized,151191.0,utf-8-sig,;,pandas_default,142892.0,8299.0,8299.0,,
2024-02,actividades,True,complete,etrs89_utm30,/Users/alejandrotreny/Library/Mobile Documents/com~apple~CloudDocs/Github/Localizate/data/intermediate/censo_snapshots/actividades/2024-02.csv.gz,materialized,169646.0,utf-8-sig,;,pandas_default,,,,151206.0,439.0
2024-02,locales,True,complete,etrs89_utm30,/Users/alejandrotreny/Library/Mobile Documents/com~apple~CloudDocs/Github/Localizate/data/intermediate/censo_snapshots/locales/2024-02.csv.gz,materialized,151207.0,utf-8-sig,;,pandas_default,142901.0,8306.0,8306.0,,
2024-03,actividades,True,complete,etrs89_utm30,/Users/alejandrotreny/Library/Mobile Documents/com~apple~CloudDocs/Github/Localizate/data/intermediate/censo_snapshots/actividades/2024-03.csv.gz,materialized,169656.0,utf-8-sig,;,pandas_default,,,,151243.0,439.0
2024-03,locales,True,complete,etrs89_utm30,/Users/alejandrotreny/Library/Mobile Documents/com~apple~CloudDocs/Github/Localizate/data/intermediate/censo_snapshots/locales/2024-03.csv.gz,materialized,151244.0,utf-8-sig,;,pandas_default,142924.0,8320.0,8320.0,,
2024-04,actividades,True,complete,etrs89_utm30,/Users/alejandrotreny/Library/Mobile Documents/com~apple~CloudDocs/Github/Localizate/data/intermediate/censo_snapshots/actividades/2024-04.csv.gz,materialized,169730.0,utf-8-sig,;,pandas_default,,,,151286.0,439.0
2024-04,locales,True,complete,etrs89_utm30,/Users/alejandrotreny/Library/Mobile Documents/com~apple~CloudDocs/Github/Localizate/data/intermediate/censo_snapshots/locales/2024-04.csv.gz,materialized,151287.0,utf-8-sig,;,pandas_default,142947.0,8340.0,8340.0,,
2024-05,actividades,True,complete,etrs89_utm30,/Users/alejandrotreny/Library/Mobile Documents/com~apple~CloudDocs/Github/Localizate/data/intermediate/censo_snapshots/actividades/2024-05.csv.gz,materialized,169732.0,utf-8-sig,;,pandas_default,,,,151288.0,439.0
2024-05,locales,True,complete,etrs89_utm30,/Users/alejandrotreny/Library/Mobile Documents/com~apple~CloudDocs/Github/Localizate/data/intermediate/censo_snapshots/locales/2024-05.csv.gz,materialized,151289.0,utf-8-sig,;,pandas_default,142947.0,8342.0,8342.0,,
2024-06,actividades,True,complete,etrs89_utm30,/Users/alejandrotreny/Library/Mobile Documents/com~apple~CloudDocs/Github/Localizate/data/intermediate/censo_snapshots/actividades/2024-06.csv.gz,materialized,169915.0,utf-8-sig,;,pandas_default,,,,0.0,441.0
2024-06,locales,True,complete,etrs89_utm30,/Users/alejandrotreny/Library/Mobile Documents/com~apple~CloudDocs/Github/Localizate/data/intermediate/censo_snapshots/locales/2024-06.csv.gz,materialized,151388.0,utf-8-sig,;,pandas_default,142996.0,8392.0,8392.0,,
2024-07,actividades,True,complete,etrs89_utm30,/Users/alejandrotreny/Library/Mobile Documents/com~apple~CloudDocs/Github/Localizate/data/intermediate/censo_snapshots/actividades/2024-07.csv.gz,materialized,170637.0,utf-8-sig,;,pandas_default,,,,151414.0,444.0
2024-07,locales,True,complete,etrs89_utm30,/Users/alejandrotreny/Library/Mobile Documents/com~apple~CloudDocs/Github/Localizate/data/intermediate/censo_snapshots/locales/2024-07.csv.gz,materialized,151415.0,utf-8-sig,;,pandas_default,143010.0,8405.0,8405.0,,
2024-08,actividades,True,complete,etrs89_utm30,/Users/alejandrotreny/Library/Mobile Documents/com~apple~CloudDocs/Github/Localizate/data/intermediate/censo_snapshots/actividades/2024-08.csv.gz,materialized,170743.0,utf-8-sig,;,pandas_default,,,,151447.0,444.0
2024-08,locales,True,complete,etrs89_utm30,/Users/alejandrotreny/Library/Mobile Documents/com~apple~CloudDocs/Github/Localizate/data/intermediate/censo_snapshots/locales/2024-08.csv.gz,materialized,151448.0,utf-8-sig,;,pandas_default,143030.0,8418.0,8418.0,,
2024-09,actividades,True,complete,etrs89_utm30,/Users/alejandrotreny/Library/Mobile Documents/com~apple~CloudDocs/Github/Localizate/data/intermediate/censo_snapshots/actividades/2024-09.csv.gz,materialized,170852.0,utf-8-sig,;,pandas_default,,,,151467.0,444.0
2024-09,locales,True,complete,etrs89_utm30,/Users/alejandrotreny/Library/Mobile Documents/com~apple~CloudDocs/Github/Localizate/data/intermediate/censo_snapshots/locales/2024-09.csv.gz,materialized,151468.0,utf-8-sig,;,pandas_default,143042.0,8426.0,8426.0,,
2024-10,actividades,True,complete,etrs89_utm30,/Users/alejandrotreny/Library/Mobile Documents/com~apple~CloudDocs/Github/Localizate/data/intermediate/censo_snapshots/actividades/2024-10.csv.gz,materialized,221074.0,utf-8-sig,;,pandas_default,,,,200830.0,454.0
2024-10,locales,True,complete,etrs89_utm30,/Users/alejandrotreny/Library/Mobile Documents/com~apple~CloudDocs/Github/Localizate/data/intermediate/censo_snapshots/locales/2024-10.csv.gz,materialized,200830.0,utf-8-sig,;,pandas_default,158561.0,42269.0,42269.0,,
2024-11,actividades,True,complete,etrs89_utm30,/Users/alejandrotreny/Library/Mobile Documents/com~apple~CloudDocs/Github/Localizate/data/intermediate/censo_snapshots/actividades/2024-11.csv.gz,materialized,221378.0,utf-8-sig,;,pandas_default,,,,201049.0,454.0
2024-11,locales,True,complete,etrs89_utm30,/Users/alejandrotreny/Library/Mobile Documents/com~apple~CloudDocs/Github/Localizate/data/intermediate/censo_snapshots/locales/2024-11.csv.gz,materialized,201049.0,utf-8-sig,;,pandas_default,158590.0,42459.0,42459.0,,
2024-12,actividades,True,complete,etrs89_utm30,/Users/alejandrotreny/Library/Mobile Documents/com~apple~CloudDocs/Github/Localizate/data/intermediate/censo_snapshots/actividades/2024-12.csv.gz,materialized,221436.0,utf-8-sig,;,pandas_default,,,,201146.0,454.0
2024-12,locales,True,complete,etrs89_utm30,/Users/alejandrotreny/Library/Mobile Documents/com~apple~CloudDocs/Github/Localizate/data/intermediate/censo_snapshots/locales/2024-12.csv.gz,materialized,201146.0,utf-8-sig,;,pandas_default,158602.0,42544.0,42544.0,,
2025-03,actividades,True,complete,etrs89_utm30,/Users/alejandrotreny/Library/Mobile Documents/com~apple~CloudDocs/Github/Localizate/data/intermediate/censo_snapshots/actividades/2025-03.csv.gz,materialized,222237,utf-8-sig,;,pandas_default,,,,201651,452
2025-03,locales,True,complete,etrs89_utm30,/Users/alejandrotreny/Library/Mobile Documents/com~apple~CloudDocs/Github/Localizate/data/intermediate/censo_snapshots/locales/2025-03.csv.gz,materialized,201651,utf-8-sig,;,pandas_default,158665,42986,42986,,
2025-04,actividades,True,complete,etrs89_utm30,/Users/alejandrotreny/Library/Mobile Documents/com~apple~CloudDocs/Github/Localizate/data/intermediate/censo_snapshots/actividades/2025-04.csv.gz,materialized,222431,utf-8-sig,;,pandas_default,,,,201798,452
2025-04,locales,True,complete,etrs89_utm30,/Users/alejandrotreny/Library/Mobile Documents/com~apple~CloudDocs/Github/Localizate/data/intermediate/censo_snapshots/locales/2025-04.csv.gz,materialized,201798,utf-8-sig,;,pandas_default,158679,43119,43119,,
2025-05,actividades,True,complete,etrs89_utm30,/Users/alejandrotreny/Library/Mobile Documents/com~apple~CloudDocs/Github/Localizate/data/intermediate/censo_snapshots/actividades/2025-05.csv.gz,materialized,222611,utf-8-sig,;,pandas_default,,,,201901,452
2025-05,locales,True,complete,etrs89_utm30,/Users/alejandrotreny/Library/Mobile Documents/com~apple~CloudDocs/Github/Localizate/data/intermediate/censo_snapshots/locales/2025-05.csv.gz,materialized,201901,utf-8-sig,;,pandas_default,158696,43205,43205,,
2025-06,actividades,True,complete,etrs89_utm30,/Users/alejandrotreny/Library/Mobile Documents/com~apple~CloudDocs/Github/Localizate/data/intermediate/censo_snapshots/actividades/2025-06.csv.gz,materialized,222906,utf-8-sig,;,pandas_default,,,,202053,452
2025-06,locales,True,complete,etrs89_utm30,/Users/alejandrotreny/Library/Mobile Documents/com~apple~CloudDocs/Github/Localizate/data/intermediate/censo_snapshots/locales/2025-06.csv.gz,materialized,202053,utf-8-sig,;,pandas_default,158706,43347,43347,,
2025-07,actividades,True,complete,etrs89_utm30,/Users/alejandrotreny/Library/Mobile Documents/com~apple~CloudDocs/Github/Localizate/data/intermediate/censo_snapshots/actividades/2025-07.csv.gz,materialized,223032,utf-8-sig,;,pandas_default,,,,202124,452
2025-07,locales,True,complete,etrs89_utm30,/Users/alejandrotreny/Library/Mobile Documents/com~apple~CloudDocs/Github/Localizate/data/intermediate/censo_snapshots/locales/2025-07.csv.gz,materialized,202124,utf-8-sig,;,pandas_default,158716,43408,43408,,
2025-08,actividades,True,complete,etrs89_utm30,/Users/alejandrotreny/Library/Mobile Documents/com~apple~CloudDocs/Github/Localizate/data/intermediate/censo_snapshots/actividades/2025-08.csv.gz,materialized,223175,utf-8-sig,;,pandas_default,,,,202203,452
2025-08,locales,True,complete,etrs89_utm30,/Users/alejandrotreny/Library/Mobile Documents/com~apple~CloudDocs/Github/Localizate/data/intermediate/censo_snapshots/locales/2025-08.csv.gz,materialized,202203,utf-8-sig,;,pandas_default,158731,43472,43472,,
2025-09,actividades,True,complete,etrs89_utm30,/Users/alejandrotreny/Library/Mobile Documents/com~apple~CloudDocs/Github/Localizate/data/intermediate/censo_snapshots/actividades/2025-09.csv.gz,materialized,223493,utf-8-sig,;,pandas_default,,,,202414,453
2025-09,locales,True,complete,etrs89_utm30,/Users/alejandrotreny/Library/Mobile Documents/com~apple~CloudDocs/Github/Localizate/data/intermediate/censo_snapshots/locales/2025-09.csv.gz,materialized,202346,utf-8-sig,;,pandas_default,158743,43603,43603,,
2025-10,actividades,True,complete,etrs89_utm30,/Users/alejandrotreny/Library/Mobile Documents/com~apple~CloudDocs/Github/Localizate/data/intermediate/censo_snapshots/actividades/2025-10.csv.gz,materialized,223775,utf-8-sig,;,pandas_default,,,,202654,453
2025-10,locales,True,complete,etrs89_utm30,/Users/alejandrotreny/Library/Mobile Documents/com~apple~CloudDocs/Github/Localizate/data/intermediate/censo_snapshots/locales/2025-10.csv.gz,materialized,202654,utf-8-sig,;,pandas_default,158771,43883,43883,,
2025-11,actividades,True,complete,etrs89_utm30,/Users/alejandrotreny/Library/Mobile Documents/com~apple~CloudDocs/Github/Localizate/data/intermediate/censo_snapshots/actividades/2025-11.csv.gz,materialized,223961,utf-8-sig,;,pandas_default,,,,202801,453
2025-11,locales,True,complete,etrs89_utm30,/Users/alejandrotreny/Library/Mobile Documents/com~apple~CloudDocs/Github/Localizate/data/intermediate/censo_snapshots/locales/2025-11.csv.gz,materialized,202801,utf-8-sig,;,pandas_default,158796,44005,44005,,
2025-12,actividades,True,complete,etrs89_utm30,/Users/alejandrotreny/Library/Mobile Documents/com~apple~CloudDocs/Github/Localizate/data/intermediate/censo_snapshots/actividades/2025-12.csv.gz,materialized,224096,utf-8-sig,;,pandas_default,,,,202888,453
2025-12,locales,True,complete,etrs89_utm30,/Users/alejandrotreny/Library/Mobile Documents/com~apple~CloudDocs/Github/Localizate/data/intermediate/censo_snapshots/locales/2025-12.csv.gz,materialized,202888,utf-8-sig,;,pandas_default,158817,44071,44071,,
2026-01,actividades,True,complete,etrs89_utm30,/Users/alejandrotreny/Library/Mobile Documents/com~apple~CloudDocs/Github/Localizate/data/intermediate/censo_snapshots/actividades/2026-01.csv.gz,materialized,224217,utf-8-sig,;,pandas_default,,,,202992,453
2026-01,locales,True,complete,etrs89_utm30,/Users/alejandrotreny/Library/Mobile Documents/com~apple~CloudDocs/Github/Localizate/data/intermediate/censo_snapshots/locales/2026-01.csv.gz,materialized,202992,utf-8-sig,;,pandas_default,158831,44161,44161,,
2026-02,actividades,True,complete,etrs89_utm30,/Users/alejandrotreny/Library/Mobile Documents/com~apple~CloudDocs/Github/Localizate/data/intermediate/censo_snapshots/actividades/2026-02.csv.gz,materialized,224396,utf-8-sig,;,pandas_default,,,,203069,453
2026-02,locales,True,complete,etrs89_utm30,/Users/alejandrotreny/Library/Mobile Documents/com~apple~CloudDocs/Github/Localizate/data/intermediate/censo_snapshots/locales/2026-02.csv.gz,materialized,203069,utf-8-sig,;,pandas_default,158850,44219,44219,,
2026-03,actividades,True,complete,etrs89_utm30,/Users/alejandrotreny/Library/Mobile Documents/com~apple~CloudDocs/Github/Localizate/data/intermediate/censo_snapshots/actividades/2026-03.csv.gz,skipped_existing,,,,,,,,,
2026-03,locales,True,complete,etrs89_utm30,/Users/alejandrotreny/Library/Mobile Documents/com~apple~CloudDocs/Github/Localizate/data/intermediate/censo_snapshots/locales/2026-03.csv.gz,skipped_existing,,,,,,,,,
