period,status,rows,rows_transformed,rows_with_h3,rows_transition_requires_review,h3_resolution,transition_policy,output_path
2015-01,skipped_existing,,,,,10,skip,/Users/alejandrotreny/Library/Mobile Documents/com~apple~CloudDocs/Github/Localizate/data/processed/censo_geospatial/locales/2015-01.csv.gz
2015-02,materialized,142679.0,140907.0,140907.0,0.0,10,skip,/Users/alejandrotreny/Library/Mobile Documents/com~apple~CloudDocs/Github/Localizate/data/processed/censo_geospatial/locales/2015-02.csv.gz
2015-03,materialized,143123.0,141333.0,141333.0,0.0,10,skip,/Users/alejandrotreny/Library/Mobile Documents/com~apple~CloudDocs/Github/Localizate/data/processed/censo_geospatial/locales/2015-03.csv.gz
2015-04,materialized,143185.0,141382.0,141382.0,0.0,10,skip,/Users/alejandrotreny/Library/Mobile Documents/com~apple~CloudDocs/Github/Localizate/data/processed/censo_geospatial/locales/2015-04.csv.gz
2015-05,materialized,143663.0,141822.0,141822.0,0.0,10,skip,/Users/alejandrotreny/Library/Mobile Documents/com~apple~CloudDocs/Github/Localizate/data/processed/censo_geospatial/locales/2015-05.csv.gz
2015-06,materialized,143811.0,141901.0,141901.0,0.0,10,skip,/Users/alejandrotreny/Library/Mobile Documents/com~apple~CloudDocs/Github/Localizate/data/processed/censo_geospatial/locales/2015-06.csv.gz
2015-08,materialized,143988.0,142007.0,142007.0,0.0,10,skip,/Users/alejandrotreny/Library/Mobile Documents/com~apple~CloudDocs/Github/Localizate/data/processed/censo_geospatial/locales/2015-08.csv.gz
2015-09,materialized,144048.0,142040.0,142040.0,0.0,10,skip,/Users/alejandrotreny/Library/Mobile Documents/com~apple~CloudDocs/Github/Localizate/data/processed/censo_geospatial/locales/2015-09.csv.gz
2015-10,materialized,144094.0,142087.0,142087.0,0.0,10,skip,/Users/alejandrotreny/Library/Mobile Documents/com~apple~CloudDocs/Github/Localizate/data/processed/censo_geospatial/locales/2015-10.csv.gz
2015-11,materialized,144168.0,142136.0,142136.0,0.0,10,skip,/Users/alejandrotreny/Library/Mobile Documents/com~apple~CloudDocs/Github/Localizate/data/processed/censo_geospatial/locales/2015-11.csv.gz
2015-12,materialized,144168.0,142136.0,142136.0,0.0,10,skip,/Users/alejandrotreny/Library/Mobile Documents/com~apple~CloudDocs/Github/Localizate/data/processed/censo_geospatial/locales/2015-12.csv.gz
2016-01,materialized,144381.0,142188.0,142188.0,0.0,10,skip,/Users/alejandrotreny/Library/Mobile Documents/com~apple~CloudDocs/Github/Localizate/data/processed/censo_geospatial/locales/2016-01.csv.gz
2016-02,materialized,144480.0,142232.0,142232.0,0.0,10,skip,/Users/alejandrotreny/Library/Mobile Documents/com~apple~CloudDocs/Github/Localizate/data/processed/censo_geospatial/locales/2016-02.csv.gz
2016-03,materialized,144562.0,142297.0,142297.0,0.0,10,skip,/Users/alejandrotreny/Library/Mobile Documents/com~apple~CloudDocs/Github/Localizate/data/processed/censo_geospatial/locales/2016-03.csv.gz
2016-04,materialized,144710.0,142362.0,142362.0,0.0,10,skip,/Users/alejandrotreny/Library/Mobile Documents/com~apple~CloudDocs/Github/Localizate/data/processed/censo_geospatial/locales/2016-04.csv.gz
2016-05,materialized,144710.0,142321.0,142321.0,0.0,10,skip,/Users/alejandrotreny/Library/Mobile Documents/com~apple~CloudDocs/Github/Localizate/data/processed/censo_geospatial/locales/2016-05.csv.gz
2016-06,materialized,144811.0,142473.0,142473.0,0.0,10,skip,/Users/alejandrotreny/Library/Mobile Documents/com~apple~CloudDocs/Github/Localizate/data/processed/censo_geospatial/locales/2016-06.csv.gz
2016-07,materialized,144852.0,142500.0,142500.0,0.0,10,skip,/Users/alejandrotreny/Library/Mobile Documents/com~apple~CloudDocs/Github/Localizate/data/processed/censo_geospatial/locales/2016-07.csv.gz
2016-08,materialized,144891.0,142518.0,142518.0,0.0,10,skip,/Users/alejandrotreny/Library/Mobile Documents/com~apple~CloudDocs/Github/Localizate/data/processed/censo_geospatial/locales/2016-08.csv.gz
2016-09,materialized,144920.0,142535.0,142535.0,0.0,10,skip,/Users/alejandrotreny/Library/Mobile Documents/com~apple~CloudDocs/Github/Localizate/data/processed/censo_geospatial/locales/2016-09.csv.gz
2016-10,materialized,144996.0,142582.0,142582.0,0.0,10,skip,/Users/alejandrotreny/Library/Mobile Documents/com~apple~CloudDocs/Github/Localizate/data/processed/censo_geospatial/locales/2016-10.csv.gz
2016-11,materialized,145042.0,142233.0,142233.0,0.0,10,skip,/Users/alejandrotreny/Library/Mobile Documents/com~apple~CloudDocs/Github/Localizate/data/processed/censo_geospatial/locales/2016-11.csv.gz
2016-12,materialized,145065.0,142609.0,142609.0,0.0,10,skip,/Users/alejandrotreny/Library/Mobile Documents/com~apple~CloudDocs/Github/Localizate/data/processed/censo_geospatial/locales/2016-12.csv.gz
2017-01,materialized,145103.0,142635.0,142635.0,0.0,10,skip,/Users/alejandrotreny/Library/Mobile Documents/com~apple~CloudDocs/Github/Localizate/data/processed/censo_geospatial/locales/2017-01.csv.gz
2017-02,materialized,145297.0,142664.0,142664.0,0.0,10,skip,/Users/alejandrotreny/Library/Mobile Documents/com~apple~CloudDocs/Github/Localizate/data/processed/censo_geospatial/locales/2017-02.csv.gz
2017-03,materialized,145441.0,142732.0,142732.0,0.0,10,skip,/Users/alejandrotreny/Library/Mobile Documents/com~apple~CloudDocs/Github/Localizate/data/processed/censo_geospatial/locales/2017-03.csv.gz
2017-04,materialized,145466.0,142753.0,142753.0,0.0,10,skip,/Users/alejandrotreny/Library/Mobile Documents/com~apple~CloudDocs/Github/Localizate/data/processed/censo_geospatial/locales/2017-04.csv.gz
2017-05,materialized,145509.0,142783.0,142783.0,0.0,10,skip,/Users/alejandrotreny/Library/Mobile Documents/com~apple~CloudDocs/Github/Localizate/data/processed/censo_geospatial/locales/2017-05.csv.gz
2017-06,materialized,145569.0,142803.0,142803.0,0.0,10,skip,/Users/alejandrotreny/Library/Mobile Documents/com~apple~CloudDocs/Github/Localizate/data/processed/censo_geospatial/locales/2017-06.csv.gz
2017-07,materialized,145623.0,142821.0,142821.0,0.0,10,skip,/Users/alejandrotreny/Library/Mobile Documents/com~apple~CloudDocs/Github/Localizate/data/processed/censo_geospatial/locales/2017-07.csv.gz
2017-08,materialized,145651.0,142839.0,142839.0,0.0,10,skip,/Users/alejandrotreny/Library/Mobile Documents/com~apple~CloudDocs/Github/Localizate/data/processed/censo_geospatial/locales/2017-08.csv.gz
2017-09,materialized,145723.0,0.0,0.0,142878.0,10,skip,/Users/alejandrotreny/Library/Mobile Documents/com~apple~CloudDocs/Github/Localizate/data/processed/censo_geospatial/locales/2017-09.csv.gz
2017-10,materialized,145779.0,142901.0,142901.0,0.0,10,skip,/Users/alejandrotreny/Library/Mobile Documents/com~apple~CloudDocs/Github/Localizate/data/processed/censo_geospatial/locales/2017-10.csv.gz
2017-11,materialized,145752.0,142843.0,142843.0,0.0,10,skip,/Users/alejandrotreny/Library/Mobile Documents/com~apple~CloudDocs/Github/Localizate/data/processed/censo_geospatial/locales/2017-11.csv.gz
2017-12,materialized,145801.0,142871.0,142871.0,0.0,10,skip,/Users/alejandrotreny/Library/Mobile Documents/com~apple~CloudDocs/Github/Localizate/data/processed/censo_geospatial/locales/2017-12.csv.gz
2018-01,materialized,145941.0,142961.0,142961.0,0.0,10,skip,/Users/alejandrotreny/Library/Mobile Documents/com~apple~CloudDocs/Github/Localizate/data/processed/censo_geospatial/locales/2018-01.csv.gz
2018-02,materialized,146289.0,143147.0,143147.0,0.0,10,skip,/Users/alejandrotreny/Library/Mobile Documents/com~apple~CloudDocs/Github/Localizate/data/processed/censo_geospatial/locales/2018-02.csv.gz
2018-03,materialized,146273.0,143107.0,143107.0,0.0,10,skip,/Users/alejandrotreny/Library/Mobile Documents/com~apple~CloudDocs/Github/Localizate/data/processed/censo_geospatial/locales/2018-03.csv.gz
2018-04,materialized,146316.0,143117.0,143117.0,0.0,10,skip,/Users/alejandrotreny/Library/Mobile Documents/com~apple~CloudDocs/Github/Localizate/data/processed/censo_geospatial/locales/2018-04.csv.gz
2018-05,materialized,146412.0,143094.0,143094.0,0.0,10,skip,/Users/alejandrotreny/Library/Mobile Documents/com~apple~CloudDocs/Github/Localizate/data/processed/censo_geospatial/locales/2018-05.csv.gz
2018-06,materialized,146458.0,143050.0,143050.0,0.0,10,skip,/Users/alejandrotreny/Library/Mobile Documents/com~apple~CloudDocs/Github/Localizate/data/processed/censo_geospatial/locales/2018-06.csv.gz
2018-07,materialized,146570.0,143136.0,143136.0,0.0,10,skip,/Users/alejandrotreny/Library/Mobile Documents/com~apple~CloudDocs/Github/Localizate/data/processed/censo_geospatial/locales/2018-07.csv.gz
2018-08,materialized,146596.0,143142.0,143142.0,0.0,10,skip,/Users/alejandrotreny/Library/Mobile Documents/com~apple~CloudDocs/Github/Localizate/data/processed/censo_geospatial/locales/2018-08.csv.gz
2018-09,materialized,146609.0,143141.0,143141.0,0.0,10,skip,/Users/alejandrotreny/Library/Mobile Documents/com~apple~CloudDocs/Github/Localizate/data/processed/censo_geospatial/locales/2018-09.csv.gz
2018-10,materialized,146663.0,143156.0,143156.0,0.0,10,skip,/Users/alejandrotreny/Library/Mobile Documents/com~apple~CloudDocs/Github/Localizate/data/processed/censo_geospatial/locales/2018-10.csv.gz
2018-11,materialized,146694.0,143163.0,143163.0,0.0,10,skip,/Users/alejandrotreny/Library/Mobile Documents/com~apple~CloudDocs/Github/Localizate/data/processed/censo_geospatial/locales/2018-11.csv.gz
2018-12,materialized,146722.0,143169.0,143169.0,0.0,10,skip,/Users/alejandrotreny/Library/Mobile Documents/com~apple~CloudDocs/Github/Localizate/data/processed/censo_geospatial/locales/2018-12.csv.gz
2019-01,materialized,146890.0,143288.0,143288.0,0.0,10,skip,/Users/alejandrotreny/Library/Mobile Documents/com~apple~CloudDocs/Github/Localizate/data/processed/censo_geospatial/locales/2019-01.csv.gz
2019-02,materialized,146948.0,143312.0,143312.0,0.0,10,skip,/Users/alejandrotreny/Library/Mobile Documents/com~apple~CloudDocs/Github/Localizate/data/processed/censo_geospatial/locales/2019-02.csv.gz
2019-03,materialized,147005.0,143348.0,143348.0,0.0,10,skip,/Users/alejandrotreny/Library/Mobile Documents/com~apple~CloudDocs/Github/Localizate/data/processed/censo_geospatial/locales/2019-03.csv.gz
2019-04,materialized,147037.0,143366.0,143366.0,0.0,10,skip,/Users/alejandrotreny/Library/Mobile Documents/com~apple~CloudDocs/Github/Localizate/data/processed/censo_geospatial/locales/2019-04.csv.gz
2019-05,materialized,147109.0,143407.0,143407.0,0.0,10,skip,/Users/alejandrotreny/Library/Mobile Documents/com~apple~CloudDocs/Github/Localizate/data/processed/censo_geospatial/locales/2019-05.csv.gz
2019-06,materialized,147151.0,143425.0,143425.0,0.0,10,skip,/Users/alejandrotreny/Library/Mobile Documents/com~apple~CloudDocs/Github/Localizate/data/processed/censo_geospatial/locales/2019-06.csv.gz
2019-07,materialized,147293.0,143536.0,143536.0,0.0,10,skip,/Users/alejandrotreny/Library/Mobile Documents/com~apple~CloudDocs/Github/Localizate/data/processed/censo_geospatial/locales/2019-07.csv.gz
2019-08,materialized,147321.0,143559.0,143559.0,0.0,10,skip,/Users/alejandrotreny/Library/Mobile Documents/com~apple~CloudDocs/Github/Localizate/data/processed/censo_geospatial/locales/2019-08.csv.gz
2019-09,materialized,147348.0,143572.0,143572.0,0.0,10,skip,/Users/alejandrotreny/Library/Mobile Documents/com~apple~CloudDocs/Github/Localizate/data/processed/censo_geospatial/locales/2019-09.csv.gz
2019-10,materialized,147425.0,143625.0,143625.0,0.0,10,skip,/Users/alejandrotreny/Library/Mobile Documents/com~apple~CloudDocs/Github/Localizate/data/processed/censo_geospatial/locales/2019-10.csv.gz
2019-11,materialized,147533.0,143644.0,143644.0,0.0,10,skip,/Users/alejandrotreny/Library/Mobile Documents/com~apple~CloudDocs/Github/Localizate/data/processed/censo_geospatial/locales/2019-11.csv.gz
2019-12,materialized,147580.0,143673.0,143673.0,0.0,10,skip,/Users/alejandrotreny/Library/Mobile Documents/com~apple~CloudDocs/Github/Localizate/data/processed/censo_geospatial/locales/2019-12.csv.gz
2020-01,materialized,147618.0,143675.0,143675.0,0.0,10,skip,/Users/alejandrotreny/Library/Mobile Documents/com~apple~CloudDocs/Github/Localizate/data/processed/censo_geospatial/locales/2020-01.csv.gz
2020-02,materialized,147670.0,143679.0,143679.0,0.0,10,skip,/Users/alejandrotreny/Library/Mobile Documents/com~apple~CloudDocs/Github/Localizate/data/processed/censo_geospatial/locales/2020-02.csv.gz
2020-03,materialized,147720.0,143691.0,143691.0,0.0,10,skip,/Users/alejandrotreny/Library/Mobile Documents/com~apple~CloudDocs/Github/Localizate/data/processed/censo_geospatial/locales/2020-03.csv.gz
2020-04,materialized,147744.0,143688.0,143688.0,0.0,10,skip,/Users/alejandrotreny/Library/Mobile Documents/com~apple~CloudDocs/Github/Localizate/data/processed/censo_geospatial/locales/2020-04.csv.gz
2020-05,materialized,147775.0,143690.0,143690.0,0.0,10,skip,/Users/alejandrotreny/Library/Mobile Documents/com~apple~CloudDocs/Github/Localizate/data/processed/censo_geospatial/locales/2020-05.csv.gz
2020-06,materialized,147822.0,143521.0,143521.0,0.0,10,skip,/Users/alejandrotreny/Library/Mobile Documents/com~apple~CloudDocs/Github/Localizate/data/processed/censo_geospatial/locales/2020-06.csv.gz
2020-07,materialized,147864.0,143539.0,143539.0,0.0,10,skip,/Users/alejandrotreny/Library/Mobile Documents/com~apple~CloudDocs/Github/Localizate/data/processed/censo_geospatial/locales/2020-07.csv.gz
2020-08,materialized,147898.0,143551.0,143551.0,0.0,10,skip,/Users/alejandrotreny/Library/Mobile Documents/com~apple~CloudDocs/Github/Localizate/data/processed/censo_geospatial/locales/2020-08.csv.gz
2020-09,materialized,147930.0,143462.0,143462.0,0.0,10,skip,/Users/alejandrotreny/Library/Mobile Documents/com~apple~CloudDocs/Github/Localizate/data/processed/censo_geospatial/locales/2020-09.csv.gz
2020-10,materialized,147979.0,143449.0,143449.0,0.0,10,skip,/Users/alejandrotreny/Library/Mobile Documents/com~apple~CloudDocs/Github/Localizate/data/processed/censo_geospatial/locales/2020-10.csv.gz
2020-11,materialized,148003.0,143433.0,143433.0,0.0,10,skip,/Users/alejandrotreny/Library/Mobile Documents/com~apple~CloudDocs/Github/Localizate/data/processed/censo_geospatial/locales/2020-11.csv.gz
2020-12,materialized,146518.0,143388.0,143388.0,0.0,10,skip,/Users/alejandrotreny/Library/Mobile Documents/com~apple~CloudDocs/Github/Localizate/data/processed/censo_geospatial/locales/2020-12.csv.gz
2021-01,materialized,148054.0,143456.0,143456.0,0.0,10,skip,/Users/alejandrotreny/Library/Mobile Documents/com~apple~CloudDocs/Github/Localizate/data/processed/censo_geospatial/locales/2021-01.csv.gz
2021-02,materialized,148102.0,143475.0,143475.0,0.0,10,skip,/Users/alejandrotreny/Library/Mobile Documents/com~apple~CloudDocs/Github/Localizate/data/processed/censo_geospatial/locales/2021-02.csv.gz
2021-03,materialized,148168.0,143442.0,143442.0,0.0,10,skip,/Users/alejandrotreny/Library/Mobile Documents/com~apple~CloudDocs/Github/Localizate/data/processed/censo_geospatial/locales/2021-03.csv.gz
2021-04,materialized,148216.0,143472.0,143472.0,0.0,10,skip,/Users/alejandrotreny/Library/Mobile Documents/com~apple~CloudDocs/Github/Localizate/data/processed/censo_geospatial/locales/2021-04.csv.gz
2021-05,materialized,148297.0,143516.0,143516.0,0.0,10,skip,/Users/alejandrotreny/Library/Mobile Documents/com~apple~CloudDocs/Github/Localizate/data/processed/censo_geospatial/locales/2021-05.csv.gz
2021-06,materialized,148361.0,143501.0,143501.0,0.0,10,skip,/Users/alejandrotreny/Library/Mobile Documents/com~apple~CloudDocs/Github/Localizate/data/processed/censo_geospatial/locales/2021-06.csv.gz
2021-07,materialized,148451.0,143560.0,143560.0,0.0,10,skip,/Users/alejandrotreny/Library/Mobile Documents/com~apple~CloudDocs/Github/Localizate/data/processed/censo_geospatial/locales/2021-07.csv.gz
2021-08,materialized,148535.0,143642.0,143642.0,0.0,10,skip,/Users/alejandrotreny/Library/Mobile Documents/com~apple~CloudDocs/Github/Localizate/data/processed/censo_geospatial/locales/2021-08.csv.gz
2021-09,materialized,148600.0,143629.0,143629.0,0.0,10,skip,/Users/alejandrotreny/Library/Mobile Documents/com~apple~CloudDocs/Github/Localizate/data/processed/censo_geospatial/locales/2021-09.csv.gz
2021-10,materialized,148995.0,143955.0,143955.0,0.0,10,skip,/Users/alejandrotreny/Library/Mobile Documents/com~apple~CloudDocs/Github/Localizate/data/processed/censo_geospatial/locales/2021-10.csv.gz
2021-11,materialized,149879.0,144660.0,144660.0,0.0,10,skip,/Users/alejandrotreny/Library/Mobile Documents/com~apple~CloudDocs/Github/Localizate/data/processed/censo_geospatial/locales/2021-11.csv.gz
2021-12,materialized,149937.0,144678.0,144678.0,0.0,10,skip,/Users/alejandrotreny/Library/Mobile Documents/com~apple~CloudDocs/Github/Localizate/data/processed/censo_geospatial/locales/2021-12.csv.gz
2022-01,materialized,149979.0,144707.0,144707.0,0.0,10,skip,/Users/alejandrotreny/Library/Mobile Documents/com~apple~CloudDocs/Github/Localizate/data/processed/censo_geospatial/locales/2022-01.csv.gz
2022-02,materialized,150056.0,144743.0,144743.0,0.0,10,skip,/Users/alejandrotreny/Library/Mobile Documents/com~apple~CloudDocs/Github/Localizate/data/processed/censo_geospatial/locales/2022-02.csv.gz
2022-03,materialized,150122.0,144724.0,144724.0,0.0,10,skip,/Users/alejandrotreny/Library/Mobile Documents/com~apple~CloudDocs/Github/Localizate/data/processed/censo_geospatial/locales/2022-03.csv.gz
2022-04,materialized,150181.0,144705.0,144705.0,0.0,10,skip,/Users/alejandrotreny/Library/Mobile Documents/com~apple~CloudDocs/Github/Localizate/data/processed/censo_geospatial/locales/2022-04.csv.gz
2022-05,materialized,150245.0,144754.0,144754.0,0.0,10,skip,/Users/alejandrotreny/Library/Mobile Documents/com~apple~CloudDocs/Github/Localizate/data/processed/censo_geospatial/locales/2022-05.csv.gz
2022-06,materialized,150326.0,144783.0,144783.0,0.0,10,skip,/Users/alejandrotreny/Library/Mobile Documents/com~apple~CloudDocs/Github/Localizate/data/processed/censo_geospatial/locales/2022-06.csv.gz
2022-07,materialized,150375.0,144809.0,144809.0,0.0,10,skip,/Users/alejandrotreny/Library/Mobile Documents/com~apple~CloudDocs/Github/Localizate/data/processed/censo_geospatial/locales/2022-07.csv.gz
2022-08,materialized,150411.0,144827.0,144827.0,0.0,10,skip,/Users/alejandrotreny/Library/Mobile Documents/com~apple~CloudDocs/Github/Localizate/data/processed/censo_geospatial/locales/2022-08.csv.gz
2022-09,materialized,150434.0,144814.0,144814.0,0.0,10,skip,/Users/alejandrotreny/Library/Mobile Documents/com~apple~CloudDocs/Github/Localizate/data/processed/censo_geospatial/locales/2022-09.csv.gz
2022-10,materialized,150434.0,144814.0,144814.0,0.0,10,skip,/Users/alejandrotreny/Library/Mobile Documents/com~apple~CloudDocs/Github/Localizate/data/processed/censo_geospatial/locales/2022-10.csv.gz
2022-11,materialized,150478.0,144837.0,144837.0,0.0,10,skip,/Users/alejandrotreny/Library/Mobile Documents/com~apple~CloudDocs/Github/Localizate/data/processed/censo_geospatial/locales/2022-11.csv.gz
2022-12,materialized,150524.0,144868.0,144868.0,0.0,10,skip,/Users/alejandrotreny/Library/Mobile Documents/com~apple~CloudDocs/Github/Localizate/data/processed/censo_geospatial/locales/2022-12.csv.gz
2023-01,materialized,150554.0,144892.0,144892.0,0.0,10,skip,/Users/alejandrotreny/Library/Mobile Documents/com~apple~CloudDocs/Github/Localizate/data/processed/censo_geospatial/locales/2023-01.csv.gz
2023-02,materialized,150598.0,144919.0,144919.0,0.0,10,skip,/Users/alejandrotreny/Library/Mobile Documents/com~apple~CloudDocs/Github/Localizate/data/processed/censo_geospatial/locales/2023-02.csv.gz
2023-03,materialized,150638.0,144940.0,144940.0,0.0,10,skip,/Users/alejandrotreny/Library/Mobile Documents/com~apple~CloudDocs/Github/Localizate/data/processed/censo_geospatial/locales/2023-03.csv.gz
2023-04,materialized,150733.0,144979.0,144979.0,0.0,10,skip,/Users/alejandrotreny/Library/Mobile Documents/com~apple~CloudDocs/Github/Localizate/data/processed/censo_geospatial/locales/2023-04.csv.gz
2023-05,materialized,150801.0,145016.0,145016.0,0.0,10,skip,/Users/alejandrotreny/Library/Mobile Documents/com~apple~CloudDocs/Github/Localizate/data/processed/censo_geospatial/locales/2023-05.csv.gz
2023-06,materialized,150872.0,145043.0,145043.0,0.0,10,skip,/Users/alejandrotreny/Library/Mobile Documents/com~apple~CloudDocs/Github/Localizate/data/processed/censo_geospatial/locales/2023-06.csv.gz
2023-07,materialized,150955.0,142089.0,142089.0,0.0,10,skip,/Users/alejandrotreny/Library/Mobile Documents/com~apple~CloudDocs/Github/Localizate/data/processed/censo_geospatial/locales/2023-07.csv.gz
2023-08,materialized,150999.0,142823.0,142823.0,0.0,10,skip,/Users/alejandrotreny/Library/Mobile Documents/com~apple~CloudDocs/Github/Localizate/data/processed/censo_geospatial/locales/2023-08.csv.gz
2023-09,materialized,151044.0,142844.0,142844.0,0.0,10,skip,/Users/alejandrotreny/Library/Mobile Documents/com~apple~CloudDocs/Github/Localizate/data/processed/censo_geospatial/locales/2023-09.csv.gz
2023-10,materialized,151079.0,142825.0,142825.0,0.0,10,skip,/Users/alejandrotreny/Library/Mobile Documents/com~apple~CloudDocs/Github/Localizate/data/processed/censo_geospatial/locales/2023-10.csv.gz
2023-11,materialized,151114.0,142843.0,142843.0,0.0,10,skip,/Users/alejandrotreny/Library/Mobile Documents/com~apple~CloudDocs/Github/Localizate/data/processed/censo_geospatial/locales/2023-11.csv.gz
2023-12,materialized,151162.0,142871.0,142871.0,0.0,10,skip,/Users/alejandrotreny/Library/Mobile Documents/com~apple~CloudDocs/Github/Localizate/data/processed/censo_geospatial/locales/2023-12.csv.gz
2024-01,materialized,151191.0,142892.0,142892.0,0.0,10,skip,/Users/alejandrotreny/Library/Mobile Documents/com~apple~CloudDocs/Github/Localizate/data/processed/censo_geospatial/locales/2024-01.csv.gz
2024-02,materialized,151207.0,142901.0,142901.0,0.0,10,skip,/Users/alejandrotreny/Library/Mobile Documents/com~apple~CloudDocs/Github/Localizate/data/processed/censo_geospatial/locales/2024-02.csv.gz
2024-03,materialized,151244.0,142924.0,142924.0,0.0,10,skip,/Users/alejandrotreny/Library/Mobile Documents/com~apple~CloudDocs/Github/Localizate/data/processed/censo_geospatial/locales/2024-03.csv.gz
2024-04,materialized,151287.0,142947.0,142947.0,0.0,10,skip,/Users/alejandrotreny/Library/Mobile Documents/com~apple~CloudDocs/Github/Localizate/data/processed/censo_geospatial/locales/2024-04.csv.gz
2024-05,materialized,151289.0,142947.0,142947.0,0.0,10,skip,/Users/alejandrotreny/Library/Mobile Documents/com~apple~CloudDocs/Github/Localizate/data/processed/censo_geospatial/locales/2024-05.csv.gz
2024-06,materialized,151388.0,142996.0,142996.0,0.0,10,skip,/Users/alejandrotreny/Library/Mobile Documents/com~apple~CloudDocs/Github/Localizate/data/processed/censo_geospatial/locales/2024-06.csv.gz
2024-07,materialized,151415.0,143010.0,143010.0,0.0,10,skip,/Users/alejandrotreny/Library/Mobile Documents/com~apple~CloudDocs/Github/Localizate/data/processed/censo_geospatial/locales/2024-07.csv.gz
2024-08,materialized,151448.0,143030.0,143030.0,0.0,10,skip,/Users/alejandrotreny/Library/Mobile Documents/com~apple~CloudDocs/Github/Localizate/data/processed/censo_geospatial/locales/2024-08.csv.gz
2024-09,materialized,151468.0,143042.0,143042.0,0.0,10,skip,/Users/alejandrotreny/Library/Mobile Documents/com~apple~CloudDocs/Github/Localizate/data/processed/censo_geospatial/locales/2024-09.csv.gz
2024-10,materialized,200830.0,158561.0,158561.0,0.0,10,skip,/Users/alejandrotreny/Library/Mobile Documents/com~apple~CloudDocs/Github/Localizate/data/processed/censo_geospatial/locales/2024-10.csv.gz
2024-11,materialized,201049.0,158590.0,158590.0,0.0,10,skip,/Users/alejandrotreny/Library/Mobile Documents/com~apple~CloudDocs/Github/Localizate/data/processed/censo_geospatial/locales/2024-11.csv.gz
2024-12,materialized,201146.0,158602.0,158602.0,0.0,10,skip,/Users/alejandrotreny/Library/Mobile Documents/com~apple~CloudDocs/Github/Localizate/data/processed/censo_geospatial/locales/2024-12.csv.gz
2025-03,materialized,201651.0,158665.0,158665.0,0.0,10,skip,/Users/alejandrotreny/Library/Mobile Documents/com~apple~CloudDocs/Github/Localizate/data/processed/censo_geospatial/locales/2025-03.csv.gz
2025-04,materialized,201798.0,158679.0,158679.0,0.0,10,skip,/Users/alejandrotreny/Library/Mobile Documents/com~apple~CloudDocs/Github/Localizate/data/processed/censo_geospatial/locales/2025-04.csv.gz
2025-05,materialized,201901.0,158696.0,158696.0,0.0,10,skip,/Users/alejandrotreny/Library/Mobile Documents/com~apple~CloudDocs/Github/Localizate/data/processed/censo_geospatial/locales/2025-05.csv.gz
2025-06,materialized,202053.0,158706.0,158706.0,0.0,10,skip,/Users/alejandrotreny/Library/Mobile Documents/com~apple~CloudDocs/Github/Localizate/data/processed/censo_geospatial/locales/2025-06.csv.gz
2025-07,materialized,202124.0,158716.0,158716.0,0.0,10,skip,/Users/alejandrotreny/Library/Mobile Documents/com~apple~CloudDocs/Github/Localizate/data/processed/censo_geospatial/locales/2025-07.csv.gz
2025-08,materialized,202203.0,158731.0,158731.0,0.0,10,skip,/Users/alejandrotreny/Library/Mobile Documents/com~apple~CloudDocs/Github/Localizate/data/processed/censo_geospatial/locales/2025-08.csv.gz
2025-09,materialized,202346.0,158743.0,158743.0,0.0,10,skip,/Users/alejandrotreny/Library/Mobile Documents/com~apple~CloudDocs/Github/Localizate/data/processed/censo_geospatial/locales/2025-09.csv.gz
2025-10,materialized,202654.0,158771.0,158771.0,0.0,10,skip,/Users/alejandrotreny/Library/Mobile Documents/com~apple~CloudDocs/Github/Localizate/data/processed/censo_geospatial/locales/2025-10.csv.gz
2025-11,materialized,202801.0,158796.0,158796.0,0.0,10,skip,/Users/alejandrotreny/Library/Mobile Documents/com~apple~CloudDocs/Github/Localizate/data/processed/censo_geospatial/locales/2025-11.csv.gz
2025-12,materialized,202888.0,158817.0,158817.0,0.0,10,skip,/Users/alejandrotreny/Library/Mobile Documents/com~apple~CloudDocs/Github/Localizate/data/processed/censo_geospatial/locales/2025-12.csv.gz
2026-01,materialized,202992.0,158831.0,158831.0,0.0,10,skip,/Users/alejandrotreny/Library/Mobile Documents/com~apple~CloudDocs/Github/Localizate/data/processed/censo_geospatial/locales/2026-01.csv.gz
2026-02,materialized,203069.0,158850.0,158850.0,0.0,10,skip,/Users/alejandrotreny/Library/Mobile Documents/com~apple~CloudDocs/Github/Localizate/data/processed/censo_geospatial/locales/2026-02.csv.gz
2026-03,materialized,203081.0,158855.0,158855.0,0.0,10,skip,/Users/alejandrotreny/Library/Mobile Documents/com~apple~CloudDocs/Github/Localizate/data/processed/censo_geospatial/locales/2026-03.csv.gz
